timestamp,container_name,cpu_percent,mem_usage_mb,gpu_percent,gpu_mem_percent
2025-10-10T13:12:08Z,analylit_monitor,0.78%,9.348MiB / 13.65GiB,N/A,N/A
2025-10-10T13:12:08Z,analylit-worker-import-1,0.04%,20.91MiB / 4GiB,N/A,N/A
2025-10-10T13:12:08Z,analylit_db,0.03%,16.97MiB / 13.65GiB,N/A,N/A
2025-10-10T13:12:08Z,analylit_redis,2.17%,3.715MiB / 13.65GiB,N/A,N/A
2025-10-10T13:12:08Z,analylit-worker-screening-1,0.04%,22.04MiB / 13.65GiB,N/A,N/A
2025-10-10T13:12:08Z,analylit_ollama,0.00%,22.55MiB / 13.65GiB,N/A,N/A
2025-10-10T13:12:08Z,analylit-worker-analysis-6,0.05%,22.04MiB / 13.65GiB,N/A,N/A
2025-10-10T13:12:08Z,analylit-worker-extraction-1,0.05%,22.04MiB / 13.65GiB,N/A,N/A
2025-10-10T13:12:08Z,analylit-worker-synthesis-1,0.04%,22.03MiB / 13.65GiB,N/A,N/A
2025-10-10T13:12:08Z,analylit-rq-dashboard-1,0.45%,19.64MiB / 13.65GiB,N/A,N/A
2025-10-10T13:12:08Z,analylit-worker-extraction-4,9.51%,22.05MiB / 13.65GiB,N/A,N/A
2025-10-10T13:12:08Z,analylit-worker-screening-2,12.18%,22.04MiB / 13.65GiB,N/A,N/A
2025-10-10T13:12:08Z,analylit-worker-analysis-5,13.52%,22.04MiB / 13.65GiB,N/A,N/A
2025-10-10T13:12:08Z,analylit-worker-synthesis-2,18.67%,22.04MiB / 13.65GiB,N/A,N/A
2025-10-10T13:12:08Z,analylit-worker-extraction-3,0.04%,22.04MiB / 13.65GiB,N/A,N/A
2025-10-10T13:12:08Z,analylit-worker-analysis-3,0.05%,22.05MiB / 13.65GiB,N/A,N/A
2025-10-10T13:12:08Z,analylit-worker-extraction-6,1.68%,22.05MiB / 13.65GiB,N/A,N/A
2025-10-10T13:12:08Z,analylit-worker-analysis-4,9.61%,22.06MiB / 13.65GiB,N/A,N/A
2025-10-10T13:12:08Z,analylit-worker-extraction-5,0.06%,22.06MiB / 13.65GiB,N/A,N/A
2025-10-10T13:12:08Z,analylit-worker-analysis-1,0.05%,22.05MiB / 13.65GiB,N/A,N/A
2025-10-10T13:12:08Z,analylit-worker-extraction-2,0.04%,22.05MiB / 13.65GiB,N/A,N/A
2025-10-10T13:12:08Z,analylit-worker-analysis-2,0.04%,22.05MiB / 13.65GiB,N/A,N/A
2025-10-10T13:12:16Z,analylit-rq-dashboard-1,0.01%,19.66MiB / 13.65GiB,N/A,N/A
2025-10-10T13:12:16Z,analylit-worker-analysis-6,0.03%,22.04MiB / 13.65GiB,N/A,N/A
2025-10-10T13:12:16Z,analylit-worker-synthesis-1,0.04%,22.03MiB / 13.65GiB,N/A,N/A
2025-10-10T13:12:16Z,analylit_db,1.87%,18.34MiB / 13.65GiB,N/A,N/A
2025-10-10T13:12:16Z,analylit_monitor,0.65%,10.86MiB / 13.65GiB,N/A,N/A
2025-10-10T13:12:16Z,analylit-worker-screening-1,0.04%,22.04MiB / 13.65GiB,N/A,N/A
2025-10-10T13:12:16Z,analylit-worker-extraction-1,0.04%,22.04MiB / 13.65GiB,N/A,N/A
2025-10-10T13:12:16Z,analylit-worker-import-1,0.03%,20.91MiB / 4GiB,N/A,N/A
2025-10-10T13:12:16Z,analylit-worker-analysis-5,0.04%,22.04MiB / 13.65GiB,N/A,N/A
2025-10-10T13:12:16Z,analylit-worker-analysis-3,0.03%,22.05MiB / 13.65GiB,N/A,N/A
2025-10-10T13:12:16Z,analylit-worker-extraction-4,0.03%,22.05MiB / 13.65GiB,N/A,N/A
2025-10-10T13:12:16Z,analylit-worker-synthesis-2,0.04%,22.04MiB / 13.65GiB,N/A,N/A
2025-10-10T13:12:16Z,analylit-worker-analysis-4,0.04%,22.06MiB / 13.65GiB,N/A,N/A
2025-10-10T13:12:16Z,analylit-worker-extraction-3,0.04%,22.04MiB / 13.65GiB,N/A,N/A
2025-10-10T13:12:16Z,analylit-worker-extraction-6,0.03%,22.05MiB / 13.65GiB,N/A,N/A
2025-10-10T13:12:16Z,analylit_ollama,0.00%,25.2MiB / 13.65GiB,N/A,N/A
2025-10-10T13:12:16Z,analylit-worker-analysis-1,0.04%,22.05MiB / 13.65GiB,N/A,N/A
2025-10-10T13:12:16Z,analylit_redis,0.35%,3.887MiB / 13.65GiB,N/A,N/A
2025-10-10T13:12:16Z,analylit-worker-screening-2,0.04%,22.04MiB / 13.65GiB,N/A,N/A
2025-10-10T13:12:16Z,analylit-worker-analysis-2,0.04%,22.05MiB / 13.65GiB,N/A,N/A
2025-10-10T13:12:16Z,analylit-worker-extraction-5,0.04%,22.06MiB / 13.65GiB,N/A,N/A
2025-10-10T13:12:16Z,analylit-worker-extraction-2,0.04%,22.05MiB / 13.65GiB,N/A,N/A
2025-10-10T13:12:16Z,--,0.00%,0B / 0B,N/A,N/A
2025-10-10T13:12:24Z,analylit_web,589.40%,2.975GiB / 13.65GiB,N/A,N/A
2025-10-10T13:12:24Z,analylit-rq-dashboard-1,2.49%,19.66MiB / 13.65GiB,N/A,N/A
2025-10-10T13:12:24Z,analylit-worker-analysis-6,0.24%,22.04MiB / 13.65GiB,N/A,N/A
2025-10-10T13:12:24Z,analylit-worker-synthesis-1,0.18%,22.03MiB / 13.65GiB,N/A,N/A
2025-10-10T13:12:24Z,analylit_db,0.07%,18.37MiB / 13.65GiB,N/A,N/A
2025-10-10T13:12:24Z,analylit_monitor,1.04%,11.2MiB / 13.65GiB,N/A,N/A
2025-10-10T13:12:24Z,analylit-worker-screening-1,0.25%,22.04MiB / 13.65GiB,N/A,N/A
2025-10-10T13:12:24Z,analylit-worker-extraction-1,0.28%,22.04MiB / 13.65GiB,N/A,N/A
2025-10-10T13:12:24Z,analylit-worker-import-1,0.26%,20.91MiB / 4GiB,N/A,N/A
2025-10-10T13:12:24Z,analylit-worker-analysis-5,0.34%,22.04MiB / 13.65GiB,N/A,N/A
2025-10-10T13:12:24Z,analylit-worker-analysis-3,0.86%,22.05MiB / 13.65GiB,N/A,N/A
2025-10-10T13:12:24Z,analylit-worker-extraction-4,0.30%,22.05MiB / 13.65GiB,N/A,N/A
2025-10-10T13:12:24Z,analylit-worker-synthesis-2,0.23%,22.04MiB / 13.65GiB,N/A,N/A
2025-10-10T13:12:24Z,analylit-worker-analysis-4,0.22%,22.06MiB / 13.65GiB,N/A,N/A
2025-10-10T13:12:24Z,analylit-worker-extraction-3,0.35%,22.04MiB / 13.65GiB,N/A,N/A
2025-10-10T13:12:24Z,analylit-worker-extraction-6,0.32%,22.05MiB / 13.65GiB,N/A,N/A
2025-10-10T13:12:24Z,analylit_ollama,0.00%,25.2MiB / 13.65GiB,N/A,N/A
2025-10-10T13:12:24Z,analylit-worker-analysis-1,0.20%,22.05MiB / 13.65GiB,N/A,N/A
2025-10-10T13:12:24Z,analylit_redis,0.66%,3.887MiB / 13.65GiB,N/A,N/A
2025-10-10T13:12:24Z,analylit-worker-screening-2,0.30%,22.04MiB / 13.65GiB,N/A,N/A
2025-10-10T13:12:24Z,analylit-worker-analysis-2,0.30%,22.05MiB / 13.65GiB,N/A,N/A
2025-10-10T13:12:24Z,analylit-worker-extraction-5,0.33%,22.06MiB / 13.65GiB,N/A,N/A
2025-10-10T13:12:24Z,analylit-worker-extraction-2,0.16%,22.05MiB / 13.65GiB,N/A,N/A
2025-10-10T13:12:32Z,analylit_web,574.14%,4.737GiB / 13.65GiB,N/A,N/A
2025-10-10T13:12:32Z,analylit-rq-dashboard-1,0.01%,19.66MiB / 13.65GiB,N/A,N/A
2025-10-10T13:12:32Z,analylit-worker-analysis-6,0.04%,22.04MiB / 13.65GiB,N/A,N/A
2025-10-10T13:12:32Z,analylit-worker-synthesis-1,0.05%,22.03MiB / 13.65GiB,N/A,N/A
2025-10-10T13:12:32Z,analylit_db,0.03%,19.09MiB / 13.65GiB,N/A,N/A
2025-10-10T13:12:32Z,analylit_monitor,1.11%,11.01MiB / 13.65GiB,N/A,N/A
2025-10-10T13:12:32Z,analylit-worker-screening-1,0.04%,22.04MiB / 13.65GiB,N/A,N/A
2025-10-10T13:12:32Z,analylit-worker-extraction-1,0.04%,22.04MiB / 13.65GiB,N/A,N/A
2025-10-10T13:12:32Z,analylit-worker-import-1,0.05%,20.91MiB / 4GiB,N/A,N/A
2025-10-10T13:12:32Z,analylit-worker-analysis-5,0.05%,22.04MiB / 13.65GiB,N/A,N/A
2025-10-10T13:12:32Z,analylit-worker-analysis-3,0.04%,22.05MiB / 13.65GiB,N/A,N/A
2025-10-10T13:12:32Z,analylit-worker-extraction-4,0.07%,22.05MiB / 13.65GiB,N/A,N/A
2025-10-10T13:12:32Z,analylit-worker-synthesis-2,0.05%,22.04MiB / 13.65GiB,N/A,N/A
2025-10-10T13:12:32Z,analylit-worker-analysis-4,0.05%,22.06MiB / 13.65GiB,N/A,N/A
2025-10-10T13:12:32Z,analylit-worker-extraction-3,0.04%,22.04MiB / 13.65GiB,N/A,N/A
2025-10-10T13:12:32Z,analylit-worker-extraction-6,0.05%,22.05MiB / 13.65GiB,N/A,N/A
2025-10-10T13:12:32Z,analylit_ollama,0.00%,25.2MiB / 13.65GiB,N/A,N/A
2025-10-10T13:12:32Z,analylit-worker-analysis-1,0.08%,22.05MiB / 13.65GiB,N/A,N/A
2025-10-10T13:12:32Z,analylit_redis,0.40%,3.816MiB / 13.65GiB,N/A,N/A
2025-10-10T13:12:32Z,analylit-worker-screening-2,0.04%,22.04MiB / 13.65GiB,N/A,N/A
2025-10-10T13:12:32Z,analylit-worker-analysis-2,0.04%,22.05MiB / 13.65GiB,N/A,N/A
2025-10-10T13:12:32Z,analylit-worker-extraction-5,0.04%,22.06MiB / 13.65GiB,N/A,N/A
2025-10-10T13:12:32Z,analylit-worker-extraction-2,0.05%,22.05MiB / 13.65GiB,N/A,N/A
2025-10-10T13:12:39Z,analylit_web,102.15%,5.059GiB / 13.65GiB,N/A,N/A
2025-10-10T13:12:39Z,analylit-rq-dashboard-1,0.27%,19.94MiB / 13.65GiB,N/A,N/A
2025-10-10T13:12:39Z,analylit-worker-analysis-6,0.03%,22.04MiB / 13.65GiB,N/A,N/A
2025-10-10T13:12:39Z,analylit-worker-synthesis-1,0.03%,22.03MiB / 13.65GiB,N/A,N/A
2025-10-10T13:12:39Z,analylit_db,0.03%,19.12MiB / 13.65GiB,N/A,N/A
2025-10-10T13:12:39Z,analylit_monitor,0.58%,11.57MiB / 13.65GiB,N/A,N/A
2025-10-10T13:12:39Z,analylit-worker-screening-1,0.04%,22.04MiB / 13.65GiB,N/A,N/A
2025-10-10T13:12:39Z,analylit-worker-extraction-1,0.04%,22.04MiB / 13.65GiB,N/A,N/A
2025-10-10T13:12:39Z,analylit-worker-import-1,0.03%,20.91MiB / 4GiB,N/A,N/A
2025-10-10T13:12:39Z,analylit-worker-analysis-5,0.03%,22.04MiB / 13.65GiB,N/A,N/A
2025-10-10T13:12:39Z,analylit-worker-analysis-3,0.04%,22.05MiB / 13.65GiB,N/A,N/A
2025-10-10T13:12:39Z,analylit-worker-extraction-4,0.03%,22.05MiB / 13.65GiB,N/A,N/A
2025-10-10T13:12:39Z,analylit-worker-synthesis-2,0.03%,22.04MiB / 13.65GiB,N/A,N/A
2025-10-10T13:12:39Z,analylit-worker-analysis-4,0.03%,22.06MiB / 13.65GiB,N/A,N/A
2025-10-10T13:12:39Z,analylit-worker-extraction-3,0.03%,22.04MiB / 13.65GiB,N/A,N/A
2025-10-10T13:12:39Z,analylit-worker-extraction-6,0.04%,22.05MiB / 13.65GiB,N/A,N/A
2025-10-10T13:12:39Z,analylit_ollama,0.00%,25.21MiB / 13.65GiB,N/A,N/A
2025-10-10T13:12:39Z,analylit-worker-analysis-1,0.04%,22.05MiB / 13.65GiB,N/A,N/A
2025-10-10T13:12:39Z,analylit_redis,0.36%,3.824MiB / 13.65GiB,N/A,N/A
2025-10-10T13:12:39Z,analylit-worker-screening-2,0.04%,22.04MiB / 13.65GiB,N/A,N/A
2025-10-10T13:12:39Z,analylit-worker-analysis-2,0.03%,22.05MiB / 13.65GiB,N/A,N/A
2025-10-10T13:12:39Z,analylit-worker-extraction-5,0.04%,22.06MiB / 13.65GiB,N/A,N/A
2025-10-10T13:12:39Z,analylit-worker-extraction-2,0.03%,22.05MiB / 13.65GiB,N/A,N/A
2025-10-10T13:12:47Z,analylit_web,0.12%,5.23GiB / 13.65GiB,N/A,N/A
2025-10-10T13:12:47Z,analylit-rq-dashboard-1,0.01%,19.94MiB / 13.65GiB,N/A,N/A
2025-10-10T13:12:47Z,analylit-worker-analysis-6,0.03%,22.04MiB / 13.65GiB,N/A,N/A
2025-10-10T13:12:47Z,analylit-worker-synthesis-1,0.03%,22.03MiB / 13.65GiB,N/A,N/A
2025-10-10T13:12:47Z,analylit_db,0.03%,19.88MiB / 13.65GiB,N/A,N/A
2025-10-10T13:12:47Z,analylit_monitor,1.45%,12.46MiB / 13.65GiB,N/A,N/A
2025-10-10T13:12:47Z,analylit-worker-screening-1,0.04%,22.04MiB / 13.65GiB,N/A,N/A
2025-10-10T13:12:47Z,analylit-worker-extraction-1,0.03%,22.04MiB / 13.65GiB,N/A,N/A
2025-10-10T13:12:47Z,analylit-worker-import-1,0.03%,20.91MiB / 4GiB,N/A,N/A
2025-10-10T13:12:47Z,analylit-worker-analysis-5,0.04%,22.04MiB / 13.65GiB,N/A,N/A
2025-10-10T13:12:47Z,analylit-worker-analysis-3,0.03%,22.05MiB / 13.65GiB,N/A,N/A
2025-10-10T13:12:47Z,analylit-worker-extraction-4,0.03%,22.05MiB / 13.65GiB,N/A,N/A
2025-10-10T13:12:47Z,analylit-worker-synthesis-2,0.03%,22.04MiB / 13.65GiB,N/A,N/A
2025-10-10T13:12:47Z,analylit-worker-analysis-4,0.04%,22.06MiB / 13.65GiB,N/A,N/A
2025-10-10T13:12:47Z,analylit-worker-extraction-3,0.03%,22.04MiB / 13.65GiB,N/A,N/A
2025-10-10T13:12:47Z,analylit-worker-extraction-6,0.04%,22.05MiB / 13.65GiB,N/A,N/A
2025-10-10T13:12:47Z,analylit_ollama,0.00%,25.27MiB / 13.65GiB,N/A,N/A
2025-10-10T13:12:47Z,analylit-worker-analysis-1,0.03%,22.05MiB / 13.65GiB,N/A,N/A
2025-10-10T13:12:47Z,analylit_redis,0.35%,4.871MiB / 13.65GiB,N/A,N/A
2025-10-10T13:12:47Z,analylit-worker-screening-2,0.03%,22.04MiB / 13.65GiB,N/A,N/A
2025-10-10T13:12:47Z,analylit-worker-analysis-2,0.03%,22.05MiB / 13.65GiB,N/A,N/A
2025-10-10T13:12:47Z,analylit-worker-extraction-5,0.04%,22.06MiB / 13.65GiB,N/A,N/A
2025-10-10T13:12:47Z,analylit-worker-extraction-2,0.04%,22.05MiB / 13.65GiB,N/A,N/A
2025-10-10T13:12:54Z,analylit_web,0.17%,5.23GiB / 13.65GiB,N/A,N/A
2025-10-10T13:12:54Z,analylit-rq-dashboard-1,0.03%,19.97MiB / 13.65GiB,N/A,N/A
2025-10-10T13:12:54Z,analylit-worker-analysis-6,0.04%,22.04MiB / 13.65GiB,N/A,N/A
2025-10-10T13:12:54Z,analylit-worker-synthesis-1,0.05%,22.03MiB / 13.65GiB,N/A,N/A
2025-10-10T13:12:54Z,analylit_db,0.04%,19.88MiB / 13.65GiB,N/A,N/A
2025-10-10T13:12:54Z,analylit_monitor,0.31%,12.17MiB / 13.65GiB,N/A,N/A
2025-10-10T13:12:54Z,analylit-worker-screening-1,0.07%,22.04MiB / 13.65GiB,N/A,N/A
2025-10-10T13:12:54Z,analylit-worker-extraction-1,0.07%,22.04MiB / 13.65GiB,N/A,N/A
2025-10-10T13:12:54Z,analylit-worker-import-1,0.04%,20.91MiB / 4GiB,N/A,N/A
2025-10-10T13:12:54Z,analylit-worker-analysis-5,0.04%,22.04MiB / 13.65GiB,N/A,N/A
2025-10-10T13:12:54Z,analylit-worker-analysis-3,0.05%,22.05MiB / 13.65GiB,N/A,N/A
2025-10-10T13:12:54Z,analylit-worker-extraction-4,0.04%,22.05MiB / 13.65GiB,N/A,N/A
2025-10-10T13:12:54Z,analylit-worker-synthesis-2,0.06%,22.04MiB / 13.65GiB,N/A,N/A
2025-10-10T13:12:54Z,analylit-worker-analysis-4,0.05%,22.06MiB / 13.65GiB,N/A,N/A
2025-10-10T13:12:54Z,analylit-worker-extraction-3,0.07%,22.04MiB / 13.65GiB,N/A,N/A
2025-10-10T13:12:54Z,analylit-worker-extraction-6,0.05%,22.05MiB / 13.65GiB,N/A,N/A
2025-10-10T13:12:54Z,analylit_ollama,0.00%,25.27MiB / 13.65GiB,N/A,N/A
2025-10-10T13:12:54Z,analylit-worker-analysis-1,0.04%,22.05MiB / 13.65GiB,N/A,N/A
2025-10-10T13:12:54Z,analylit_redis,0.38%,5.059MiB / 13.65GiB,N/A,N/A
2025-10-10T13:12:54Z,analylit-worker-screening-2,0.06%,22.04MiB / 13.65GiB,N/A,N/A
2025-10-10T13:12:54Z,analylit-worker-analysis-2,0.04%,22.05MiB / 13.65GiB,N/A,N/A
2025-10-10T13:12:54Z,analylit-worker-extraction-5,0.04%,22.06MiB / 13.65GiB,N/A,N/A
2025-10-10T13:12:54Z,analylit-worker-extraction-2,0.07%,22.05MiB / 13.65GiB,N/A,N/A
2025-10-10T13:13:01Z,analylit_web,0.12%,5.23GiB / 13.65GiB,N/A,N/A
2025-10-10T13:13:01Z,analylit-rq-dashboard-1,0.01%,19.97MiB / 13.65GiB,N/A,N/A
2025-10-10T13:13:01Z,analylit-worker-analysis-6,0.03%,22.04MiB / 13.65GiB,N/A,N/A
2025-10-10T13:13:01Z,analylit-worker-synthesis-1,0.03%,22.03MiB / 13.65GiB,N/A,N/A
2025-10-10T13:13:01Z,analylit_db,0.02%,20.29MiB / 13.65GiB,N/A,N/A
2025-10-10T13:13:01Z,analylit_monitor,0.58%,12.55MiB / 13.65GiB,N/A,N/A
2025-10-10T13:13:01Z,analylit-worker-screening-1,0.03%,22.04MiB / 13.65GiB,N/A,N/A
2025-10-10T13:13:01Z,analylit-worker-extraction-1,0.04%,22.04MiB / 13.65GiB,N/A,N/A
2025-10-10T13:13:01Z,analylit-worker-import-1,0.03%,20.91MiB / 4GiB,N/A,N/A
2025-10-10T13:13:01Z,analylit-worker-analysis-5,0.04%,22.04MiB / 13.65GiB,N/A,N/A
2025-10-10T13:13:01Z,analylit-worker-analysis-3,0.03%,22.05MiB / 13.65GiB,N/A,N/A
2025-10-10T13:13:01Z,analylit-worker-extraction-4,0.03%,22.05MiB / 13.65GiB,N/A,N/A
2025-10-10T13:13:01Z,analylit-worker-synthesis-2,0.03%,22.04MiB / 13.65GiB,N/A,N/A
2025-10-10T13:13:01Z,analylit-worker-analysis-4,0.03%,22.06MiB / 13.65GiB,N/A,N/A
2025-10-10T13:13:01Z,analylit-worker-extraction-3,0.04%,22.04MiB / 13.65GiB,N/A,N/A
2025-10-10T13:13:01Z,analylit-worker-extraction-6,0.03%,22.05MiB / 13.65GiB,N/A,N/A
2025-10-10T13:13:01Z,analylit_ollama,0.00%,25.27MiB / 13.65GiB,N/A,N/A
2025-10-10T13:13:01Z,analylit-worker-analysis-1,0.03%,22.05MiB / 13.65GiB,N/A,N/A
2025-10-10T13:13:01Z,analylit_redis,0.33%,5.113MiB / 13.65GiB,N/A,N/A
2025-10-10T13:13:01Z,analylit-worker-screening-2,0.04%,22.04MiB / 13.65GiB,N/A,N/A
2025-10-10T13:13:01Z,analylit-worker-analysis-2,0.03%,22.05MiB / 13.65GiB,N/A,N/A
2025-10-10T13:13:01Z,analylit-worker-extraction-5,0.03%,22.06MiB / 13.65GiB,N/A,N/A
2025-10-10T13:13:01Z,analylit-worker-extraction-2,0.03%,22.05MiB / 13.65GiB,N/A,N/A
2025-10-10T13:13:09Z,analylit_web,0.16%,5.23GiB / 13.65GiB,N/A,N/A
2025-10-10T13:13:09Z,analylit-rq-dashboard-1,0.01%,19.97MiB / 13.65GiB,N/A,N/A
2025-10-10T13:13:09Z,analylit-worker-analysis-6,0.03%,22.04MiB / 13.65GiB,N/A,N/A
2025-10-10T13:13:09Z,analylit-worker-synthesis-1,0.05%,22.03MiB / 13.65GiB,N/A,N/A
2025-10-10T13:13:09Z,analylit_db,0.04%,21MiB / 13.65GiB,N/A,N/A
2025-10-10T13:13:09Z,analylit_monitor,0.64%,13.12MiB / 13.65GiB,N/A,N/A
2025-10-10T13:13:09Z,analylit-worker-screening-1,0.04%,22.04MiB / 13.65GiB,N/A,N/A
2025-10-10T13:13:09Z,analylit-worker-extraction-1,0.04%,22.04MiB / 13.65GiB,N/A,N/A
2025-10-10T13:13:09Z,analylit-worker-import-1,0.04%,20.91MiB / 4GiB,N/A,N/A
2025-10-10T13:13:09Z,analylit-worker-analysis-5,0.05%,22.04MiB / 13.65GiB,N/A,N/A
2025-10-10T13:13:09Z,analylit-worker-analysis-3,0.04%,22.05MiB / 13.65GiB,N/A,N/A
2025-10-10T13:13:09Z,analylit-worker-extraction-4,0.04%,22.05MiB / 13.65GiB,N/A,N/A
2025-10-10T13:13:09Z,analylit-worker-synthesis-2,0.05%,22.04MiB / 13.65GiB,N/A,N/A
2025-10-10T13:13:09Z,analylit-worker-analysis-4,0.04%,22.06MiB / 13.65GiB,N/A,N/A
2025-10-10T13:13:09Z,analylit-worker-extraction-3,0.04%,22.04MiB / 13.65GiB,N/A,N/A
2025-10-10T13:13:09Z,analylit-worker-extraction-6,0.04%,22.05MiB / 13.65GiB,N/A,N/A
2025-10-10T13:13:09Z,analylit_ollama,0.00%,25.27MiB / 13.65GiB,N/A,N/A
2025-10-10T13:13:09Z,analylit-worker-analysis-1,0.04%,22.05MiB / 13.65GiB,N/A,N/A
2025-10-10T13:13:09Z,analylit_redis,0.36%,5.188MiB / 13.65GiB,N/A,N/A
2025-10-10T13:13:09Z,analylit-worker-screening-2,0.05%,22.04MiB / 13.65GiB,N/A,N/A
2025-10-10T13:13:09Z,analylit-worker-analysis-2,0.04%,22.05MiB / 13.65GiB,N/A,N/A
2025-10-10T13:13:09Z,analylit-worker-extraction-5,0.05%,22.06MiB / 13.65GiB,N/A,N/A
2025-10-10T13:13:09Z,analylit-worker-extraction-2,0.05%,22.05MiB / 13.65GiB,N/A,N/A
2025-10-10T13:13:16Z,analylit_web,0.15%,5.23GiB / 13.65GiB,N/A,N/A
2025-10-10T13:13:16Z,analylit-rq-dashboard-1,0.02%,19.97MiB / 13.65GiB,N/A,N/A
2025-10-10T13:13:16Z,analylit-worker-analysis-6,0.03%,22.04MiB / 13.65GiB,N/A,N/A
2025-10-10T13:13:16Z,analylit-worker-synthesis-1,0.03%,22.03MiB / 13.65GiB,N/A,N/A
2025-10-10T13:13:16Z,analylit_db,0.03%,21.1MiB / 13.65GiB,N/A,N/A
2025-10-10T13:13:16Z,analylit_monitor,0.40%,13.14MiB / 13.65GiB,N/A,N/A
2025-10-10T13:13:16Z,analylit-worker-screening-1,0.03%,22.04MiB / 13.65GiB,N/A,N/A
2025-10-10T13:13:16Z,analylit-worker-extraction-1,0.04%,22.04MiB / 13.65GiB,N/A,N/A
2025-10-10T13:13:16Z,analylit-worker-import-1,0.03%,20.91MiB / 4GiB,N/A,N/A
2025-10-10T13:13:16Z,analylit-worker-analysis-5,0.04%,22.04MiB / 13.65GiB,N/A,N/A
2025-10-10T13:13:16Z,analylit-worker-analysis-3,0.04%,22.05MiB / 13.65GiB,N/A,N/A
2025-10-10T13:13:16Z,analylit-worker-extraction-4,0.03%,22.05MiB / 13.65GiB,N/A,N/A
2025-10-10T13:13:16Z,analylit-worker-synthesis-2,0.04%,22.04MiB / 13.65GiB,N/A,N/A
2025-10-10T13:13:16Z,analylit-worker-analysis-4,0.03%,22.06MiB / 13.65GiB,N/A,N/A
2025-10-10T13:13:16Z,analylit-worker-extraction-3,0.04%,22.04MiB / 13.65GiB,N/A,N/A
2025-10-10T13:13:16Z,analylit-worker-extraction-6,0.05%,22.05MiB / 13.65GiB,N/A,N/A
2025-10-10T13:13:16Z,analylit_ollama,0.00%,25.27MiB / 13.65GiB,N/A,N/A
2025-10-10T13:13:16Z,analylit-worker-analysis-1,0.03%,22.05MiB / 13.65GiB,N/A,N/A
2025-10-10T13:13:16Z,analylit_redis,2.80%,5.293MiB / 13.65GiB,N/A,N/A
2025-10-10T13:13:16Z,analylit-worker-screening-2,0.04%,22.04MiB / 13.65GiB,N/A,N/A
2025-10-10T13:13:16Z,analylit-worker-analysis-2,0.03%,22.05MiB / 13.65GiB,N/A,N/A
2025-10-10T13:13:16Z,analylit-worker-extraction-5,0.03%,22.06MiB / 13.65GiB,N/A,N/A
2025-10-10T13:13:16Z,analylit-worker-extraction-2,0.03%,22.05MiB / 13.65GiB,N/A,N/A
2025-10-10T13:13:23Z,analylit_web,0.16%,5.23GiB / 13.65GiB,N/A,N/A
2025-10-10T13:13:23Z,analylit-rq-dashboard-1,0.01%,19.97MiB / 13.65GiB,N/A,N/A
2025-10-10T13:13:23Z,analylit-worker-analysis-6,0.03%,22.04MiB / 13.65GiB,N/A,N/A
2025-10-10T13:13:23Z,analylit-worker-synthesis-1,0.04%,22.03MiB / 13.65GiB,N/A,N/A
2025-10-10T13:13:23Z,analylit_db,0.03%,21.1MiB / 13.65GiB,N/A,N/A
2025-10-10T13:13:23Z,analylit_monitor,0.86%,12.89MiB / 13.65GiB,N/A,N/A
2025-10-10T13:13:23Z,analylit-worker-screening-1,0.04%,22.04MiB / 13.65GiB,N/A,N/A
2025-10-10T13:13:23Z,analylit-worker-extraction-1,0.05%,22.04MiB / 13.65GiB,N/A,N/A
2025-10-10T13:13:23Z,analylit-worker-import-1,0.04%,20.91MiB / 4GiB,N/A,N/A
2025-10-10T13:13:23Z,analylit-worker-analysis-5,0.04%,22.04MiB / 13.65GiB,N/A,N/A
2025-10-10T13:13:23Z,analylit-worker-analysis-3,0.04%,22.05MiB / 13.65GiB,N/A,N/A
2025-10-10T13:13:23Z,analylit-worker-extraction-4,0.03%,22.05MiB / 13.65GiB,N/A,N/A
2025-10-10T13:13:23Z,analylit-worker-synthesis-2,0.04%,22.04MiB / 13.65GiB,N/A,N/A
2025-10-10T13:13:23Z,analylit-worker-analysis-4,0.05%,22.06MiB / 13.65GiB,N/A,N/A
2025-10-10T13:13:23Z,analylit-worker-extraction-3,0.03%,22.04MiB / 13.65GiB,N/A,N/A
2025-10-10T13:13:23Z,analylit-worker-extraction-6,0.03%,22.05MiB / 13.65GiB,N/A,N/A
2025-10-10T13:13:23Z,analylit_ollama,0.00%,25.27MiB / 13.65GiB,N/A,N/A
2025-10-10T13:13:23Z,analylit-worker-analysis-1,0.04%,22.05MiB / 13.65GiB,N/A,N/A
2025-10-10T13:13:23Z,analylit_redis,0.34%,5.543MiB / 13.65GiB,N/A,N/A
2025-10-10T13:13:23Z,analylit-worker-screening-2,0.04%,22.04MiB / 13.65GiB,N/A,N/A
2025-10-10T13:13:23Z,analylit-worker-analysis-2,0.04%,22.05MiB / 13.65GiB,N/A,N/A
2025-10-10T13:13:23Z,analylit-worker-extraction-5,0.04%,22.06MiB / 13.65GiB,N/A,N/A
2025-10-10T13:13:23Z,analylit-worker-extraction-2,0.04%,22.05MiB / 13.65GiB,N/A,N/A
2025-10-10T13:13:31Z,analylit_web,0.31%,5.281GiB / 13.65GiB,N/A,N/A
2025-10-10T13:13:31Z,analylit-rq-dashboard-1,0.01%,21.57MiB / 13.65GiB,N/A,N/A
2025-10-10T13:13:31Z,analylit-worker-analysis-6,0.04%,22.04MiB / 13.65GiB,N/A,N/A
2025-10-10T13:13:31Z,analylit-worker-synthesis-1,0.04%,22.03MiB / 13.65GiB,N/A,N/A
2025-10-10T13:13:31Z,analylit_db,0.03%,21.1MiB / 13.65GiB,N/A,N/A
2025-10-10T13:13:31Z,analylit_monitor,0.04%,13.31MiB / 13.65GiB,N/A,N/A
2025-10-10T13:13:31Z,analylit-worker-screening-1,0.05%,22.04MiB / 13.65GiB,N/A,N/A
2025-10-10T13:13:31Z,analylit-worker-extraction-1,0.04%,22.04MiB / 13.65GiB,N/A,N/A
2025-10-10T13:13:31Z,analylit-worker-import-1,0.04%,20.91MiB / 4GiB,N/A,N/A
2025-10-10T13:13:31Z,analylit-worker-analysis-5,0.04%,22.04MiB / 13.65GiB,N/A,N/A
2025-10-10T13:13:31Z,analylit-worker-analysis-3,0.04%,22.05MiB / 13.65GiB,N/A,N/A
2025-10-10T13:13:31Z,analylit-worker-extraction-4,0.04%,22.05MiB / 13.65GiB,N/A,N/A
2025-10-10T13:13:31Z,analylit-worker-synthesis-2,0.04%,22.04MiB / 13.65GiB,N/A,N/A
2025-10-10T13:13:31Z,analylit-worker-analysis-4,0.03%,22.06MiB / 13.65GiB,N/A,N/A
2025-10-10T13:13:31Z,analylit-worker-extraction-3,0.04%,22.04MiB / 13.65GiB,N/A,N/A
2025-10-10T13:13:31Z,analylit-worker-extraction-6,0.04%,22.05MiB / 13.65GiB,N/A,N/A
2025-10-10T13:13:31Z,analylit_ollama,0.00%,25.27MiB / 13.65GiB,N/A,N/A
2025-10-10T13:13:31Z,analylit-worker-analysis-1,0.04%,22.05MiB / 13.65GiB,N/A,N/A
2025-10-10T13:13:31Z,analylit_redis,3.99%,7.031MiB / 13.65GiB,N/A,N/A
2025-10-10T13:13:31Z,analylit-worker-screening-2,0.03%,22.04MiB / 13.65GiB,N/A,N/A
2025-10-10T13:13:31Z,analylit-worker-analysis-2,0.03%,22.05MiB / 13.65GiB,N/A,N/A
2025-10-10T13:13:31Z,analylit-worker-extraction-5,0.04%,22.06MiB / 13.65GiB,N/A,N/A
2025-10-10T13:13:31Z,analylit-worker-extraction-2,0.05%,22.05MiB / 13.65GiB,N/A,N/A
2025-10-10T13:13:38Z,analylit_web,0.15%,5.284GiB / 13.65GiB,N/A,N/A
2025-10-10T13:13:38Z,analylit-rq-dashboard-1,0.01%,21.61MiB / 13.65GiB,N/A,N/A
2025-10-10T13:13:38Z,analylit-worker-analysis-6,0.03%,22.04MiB / 13.65GiB,N/A,N/A
2025-10-10T13:13:38Z,analylit-worker-synthesis-1,0.04%,22.03MiB / 13.65GiB,N/A,N/A
2025-10-10T13:13:38Z,analylit_db,0.04%,26.55MiB / 13.65GiB,N/A,N/A
2025-10-10T13:13:38Z,analylit_monitor,0.00%,13.47MiB / 13.65GiB,N/A,N/A
2025-10-10T13:13:38Z,analylit-worker-screening-1,0.04%,22.04MiB / 13.65GiB,N/A,N/A
2025-10-10T13:13:38Z,analylit-worker-extraction-1,0.04%,22.04MiB / 13.65GiB,N/A,N/A
2025-10-10T13:13:38Z,analylit-worker-import-1,0.03%,20.91MiB / 4GiB,N/A,N/A
2025-10-10T13:13:38Z,analylit-worker-analysis-5,0.04%,22.04MiB / 13.65GiB,N/A,N/A
2025-10-10T13:13:38Z,analylit-worker-analysis-3,0.04%,22.05MiB / 13.65GiB,N/A,N/A
2025-10-10T13:13:38Z,analylit-worker-extraction-4,0.03%,22.05MiB / 13.65GiB,N/A,N/A
2025-10-10T13:13:38Z,analylit-worker-synthesis-2,0.03%,22.04MiB / 13.65GiB,N/A,N/A
2025-10-10T13:13:38Z,analylit-worker-analysis-4,0.03%,22.06MiB / 13.65GiB,N/A,N/A
2025-10-10T13:13:38Z,analylit-worker-extraction-3,0.04%,22.04MiB / 13.65GiB,N/A,N/A
2025-10-10T13:13:38Z,analylit-worker-extraction-6,0.04%,22.05MiB / 13.65GiB,N/A,N/A
2025-10-10T13:13:38Z,analylit_ollama,0.74%,25.85MiB / 13.65GiB,N/A,N/A
2025-10-10T13:13:38Z,analylit-worker-analysis-1,0.03%,22.05MiB / 13.65GiB,N/A,N/A
2025-10-10T13:13:38Z,analylit_redis,0.39%,5.504MiB / 13.65GiB,N/A,N/A
2025-10-10T13:13:38Z,analylit-worker-screening-2,0.05%,22.04MiB / 13.65GiB,N/A,N/A
2025-10-10T13:13:38Z,analylit-worker-analysis-2,0.03%,22.05MiB / 13.65GiB,N/A,N/A
2025-10-10T13:13:38Z,analylit-worker-extraction-5,0.03%,22.06MiB / 13.65GiB,N/A,N/A
2025-10-10T13:13:38Z,analylit-worker-extraction-2,0.03%,22.05MiB / 13.65GiB,N/A,N/A
2025-10-10T13:13:45Z,analylit_web,0.11%,5.284GiB / 13.65GiB,N/A,N/A
2025-10-10T13:13:45Z,analylit-rq-dashboard-1,0.01%,21.61MiB / 13.65GiB,N/A,N/A
2025-10-10T13:13:45Z,analylit-worker-analysis-6,0.03%,22.04MiB / 13.65GiB,N/A,N/A
2025-10-10T13:13:45Z,analylit-worker-synthesis-1,0.03%,22.03MiB / 13.65GiB,N/A,N/A
2025-10-10T13:13:45Z,analylit_db,2.83%,26.54MiB / 13.65GiB,N/A,N/A
2025-10-10T13:13:45Z,analylit_monitor,0.52%,14.23MiB / 13.65GiB,N/A,N/A
2025-10-10T13:13:45Z,analylit-worker-screening-1,0.03%,22.04MiB / 13.65GiB,N/A,N/A
2025-10-10T13:13:45Z,analylit-worker-extraction-1,0.03%,22.04MiB / 13.65GiB,N/A,N/A
2025-10-10T13:13:45Z,analylit-worker-import-1,0.04%,20.91MiB / 4GiB,N/A,N/A
2025-10-10T13:13:45Z,analylit-worker-analysis-5,0.03%,22.04MiB / 13.65GiB,N/A,N/A
2025-10-10T13:13:45Z,analylit-worker-analysis-3,0.04%,22.05MiB / 13.65GiB,N/A,N/A
2025-10-10T13:13:45Z,analylit-worker-extraction-4,0.04%,22.05MiB / 13.65GiB,N/A,N/A
2025-10-10T13:13:45Z,analylit-worker-synthesis-2,0.04%,22.04MiB / 13.65GiB,N/A,N/A
2025-10-10T13:13:45Z,analylit-worker-analysis-4,0.04%,22.06MiB / 13.65GiB,N/A,N/A
2025-10-10T13:13:45Z,analylit-worker-extraction-3,0.03%,22.04MiB / 13.65GiB,N/A,N/A
2025-10-10T13:13:45Z,analylit-worker-extraction-6,0.03%,22.05MiB / 13.65GiB,N/A,N/A
2025-10-10T13:13:45Z,analylit_ollama,0.00%,25.85MiB / 13.65GiB,N/A,N/A
2025-10-10T13:13:45Z,analylit-worker-analysis-1,0.04%,22.05MiB / 13.65GiB,N/A,N/A
2025-10-10T13:13:45Z,analylit_redis,0.34%,5.512MiB / 13.65GiB,N/A,N/A
2025-10-10T13:13:45Z,analylit-worker-screening-2,0.03%,22.04MiB / 13.65GiB,N/A,N/A
2025-10-10T13:13:45Z,analylit-worker-analysis-2,0.03%,22.05MiB / 13.65GiB,N/A,N/A
2025-10-10T13:13:45Z,analylit-worker-extraction-5,0.03%,22.06MiB / 13.65GiB,N/A,N/A
2025-10-10T13:13:45Z,analylit-worker-extraction-2,0.04%,22.05MiB / 13.65GiB,N/A,N/A
2025-10-10T13:13:53Z,analylit_web,0.13%,5.284GiB / 13.65GiB,N/A,N/A
2025-10-10T13:13:53Z,analylit-rq-dashboard-1,0.01%,21.88MiB / 13.65GiB,N/A,N/A
2025-10-10T13:13:53Z,analylit-worker-analysis-6,0.03%,22.04MiB / 13.65GiB,N/A,N/A
2025-10-10T13:13:53Z,analylit-worker-synthesis-1,0.03%,22.03MiB / 13.65GiB,N/A,N/A
2025-10-10T13:13:53Z,analylit_db,0.01%,26.54MiB / 13.65GiB,N/A,N/A
2025-10-10T13:13:53Z,analylit_monitor,0.49%,14.37MiB / 13.65GiB,N/A,N/A
2025-10-10T13:13:53Z,analylit-worker-screening-1,0.04%,22.04MiB / 13.65GiB,N/A,N/A
2025-10-10T13:13:53Z,analylit-worker-extraction-1,0.03%,22.04MiB / 13.65GiB,N/A,N/A
2025-10-10T13:13:53Z,analylit-worker-import-1,0.03%,20.91MiB / 4GiB,N/A,N/A
2025-10-10T13:13:53Z,analylit-worker-analysis-5,0.04%,22.04MiB / 13.65GiB,N/A,N/A
2025-10-10T13:13:53Z,analylit-worker-analysis-3,0.04%,22.05MiB / 13.65GiB,N/A,N/A
2025-10-10T13:13:53Z,analylit-worker-extraction-4,0.03%,22.05MiB / 13.65GiB,N/A,N/A
2025-10-10T13:13:53Z,analylit-worker-synthesis-2,0.03%,22.04MiB / 13.65GiB,N/A,N/A
2025-10-10T13:13:53Z,analylit-worker-analysis-4,0.03%,22.06MiB / 13.65GiB,N/A,N/A
2025-10-10T13:13:53Z,analylit-worker-extraction-3,0.03%,22.04MiB / 13.65GiB,N/A,N/A
2025-10-10T13:13:53Z,analylit-worker-extraction-6,0.04%,22.05MiB / 13.65GiB,N/A,N/A
2025-10-10T13:13:53Z,analylit_ollama,0.00%,25.85MiB / 13.65GiB,N/A,N/A
2025-10-10T13:13:53Z,analylit-worker-analysis-1,0.03%,22.05MiB / 13.65GiB,N/A,N/A
2025-10-10T13:13:53Z,analylit_redis,0.34%,5.484MiB / 13.65GiB,N/A,N/A
2025-10-10T13:13:53Z,analylit-worker-screening-2,0.03%,22.04MiB / 13.65GiB,N/A,N/A
2025-10-10T13:13:53Z,analylit-worker-analysis-2,0.03%,22.05MiB / 13.65GiB,N/A,N/A
2025-10-10T13:13:53Z,analylit-worker-extraction-5,0.03%,22.06MiB / 13.65GiB,N/A,N/A
2025-10-10T13:13:53Z,analylit-worker-extraction-2,0.03%,22.05MiB / 13.65GiB,N/A,N/A
2025-10-10T13:14:00Z,analylit_web,0.19%,5.284GiB / 13.65GiB,N/A,N/A
2025-10-10T13:14:00Z,analylit-rq-dashboard-1,0.37%,21.88MiB / 13.65GiB,N/A,N/A
2025-10-10T13:14:00Z,analylit-worker-analysis-6,0.03%,22.04MiB / 13.65GiB,N/A,N/A
2025-10-10T13:14:00Z,analylit-worker-synthesis-1,0.04%,22.03MiB / 13.65GiB,N/A,N/A
2025-10-10T13:14:00Z,analylit_db,0.02%,26.68MiB / 13.65GiB,N/A,N/A
2025-10-10T13:14:00Z,analylit_monitor,0.75%,14.41MiB / 13.65GiB,N/A,N/A
2025-10-10T13:14:00Z,analylit-worker-screening-1,0.03%,22.04MiB / 13.65GiB,N/A,N/A
2025-10-10T13:14:00Z,analylit-worker-extraction-1,0.04%,22.04MiB / 13.65GiB,N/A,N/A
2025-10-10T13:14:00Z,analylit-worker-import-1,0.03%,20.91MiB / 4GiB,N/A,N/A
2025-10-10T13:14:00Z,analylit-worker-analysis-5,0.04%,22.04MiB / 13.65GiB,N/A,N/A
2025-10-10T13:14:00Z,analylit-worker-analysis-3,0.03%,22.05MiB / 13.65GiB,N/A,N/A
2025-10-10T13:14:00Z,analylit-worker-extraction-4,0.03%,22.05MiB / 13.65GiB,N/A,N/A
2025-10-10T13:14:00Z,analylit-worker-synthesis-2,0.04%,22.04MiB / 13.65GiB,N/A,N/A
2025-10-10T13:14:00Z,analylit-worker-analysis-4,0.03%,22.06MiB / 13.65GiB,N/A,N/A
2025-10-10T13:14:00Z,analylit-worker-extraction-3,0.04%,22.04MiB / 13.65GiB,N/A,N/A
2025-10-10T13:14:00Z,analylit-worker-extraction-6,0.03%,22.05MiB / 13.65GiB,N/A,N/A
2025-10-10T13:14:00Z,analylit_ollama,0.00%,25.85MiB / 13.65GiB,N/A,N/A
2025-10-10T13:14:00Z,analylit-worker-analysis-1,0.03%,22.05MiB / 13.65GiB,N/A,N/A
2025-10-10T13:14:00Z,analylit_redis,0.40%,5.422MiB / 13.65GiB,N/A,N/A
2025-10-10T13:14:00Z,analylit-worker-screening-2,0.04%,22.04MiB / 13.65GiB,N/A,N/A
2025-10-10T13:14:00Z,analylit-worker-analysis-2,0.03%,22.05MiB / 13.65GiB,N/A,N/A
2025-10-10T13:14:00Z,analylit-worker-extraction-5,0.03%,22.06MiB / 13.65GiB,N/A,N/A
2025-10-10T13:14:00Z,analylit-worker-extraction-2,0.03%,22.05MiB / 13.65GiB,N/A,N/A
2025-10-10T13:14:07Z,analylit_web,0.13%,5.284GiB / 13.65GiB,N/A,N/A
2025-10-10T13:14:07Z,analylit-rq-dashboard-1,0.01%,21.89MiB / 13.65GiB,N/A,N/A
2025-10-10T13:14:07Z,analylit-worker-analysis-6,0.03%,22.04MiB / 13.65GiB,N/A,N/A
2025-10-10T13:14:07Z,analylit-worker-synthesis-1,0.03%,22.03MiB / 13.65GiB,N/A,N/A
2025-10-10T13:14:07Z,analylit_db,0.00%,26.7MiB / 13.65GiB,N/A,N/A
2025-10-10T13:14:07Z,analylit_monitor,0.68%,14.2MiB / 13.65GiB,N/A,N/A
2025-10-10T13:14:07Z,analylit-worker-screening-1,0.05%,22.04MiB / 13.65GiB,N/A,N/A
2025-10-10T13:14:07Z,analylit-worker-extraction-1,0.04%,22.04MiB / 13.65GiB,N/A,N/A
2025-10-10T13:14:07Z,analylit-worker-import-1,0.03%,20.91MiB / 4GiB,N/A,N/A
2025-10-10T13:14:07Z,analylit-worker-analysis-5,0.04%,22.04MiB / 13.65GiB,N/A,N/A
2025-10-10T13:14:07Z,analylit-worker-analysis-3,0.03%,22.05MiB / 13.65GiB,N/A,N/A
2025-10-10T13:14:07Z,analylit-worker-extraction-4,0.03%,22.05MiB / 13.65GiB,N/A,N/A
2025-10-10T13:14:07Z,analylit-worker-synthesis-2,0.04%,22.04MiB / 13.65GiB,N/A,N/A
2025-10-10T13:14:07Z,analylit-worker-analysis-4,0.04%,22.06MiB / 13.65GiB,N/A,N/A
2025-10-10T13:14:07Z,analylit-worker-extraction-3,0.03%,22.04MiB / 13.65GiB,N/A,N/A
2025-10-10T13:14:07Z,analylit-worker-extraction-6,0.03%,22.05MiB / 13.65GiB,N/A,N/A
2025-10-10T13:14:07Z,analylit_ollama,0.00%,25.85MiB / 13.65GiB,N/A,N/A
2025-10-10T13:14:07Z,analylit-worker-analysis-1,0.04%,22.05MiB / 13.65GiB,N/A,N/A
2025-10-10T13:14:07Z,analylit_redis,0.37%,5.426MiB / 13.65GiB,N/A,N/A
2025-10-10T13:14:07Z,analylit-worker-screening-2,0.04%,22.04MiB / 13.65GiB,N/A,N/A
2025-10-10T13:14:07Z,analylit-worker-analysis-2,0.03%,22.05MiB / 13.65GiB,N/A,N/A
2025-10-10T13:14:07Z,analylit-worker-extraction-5,0.03%,22.06MiB / 13.65GiB,N/A,N/A
2025-10-10T13:14:07Z,analylit-worker-extraction-2,0.03%,22.05MiB / 13.65GiB,N/A,N/A
2025-10-10T13:14:15Z,analylit_web,0.12%,5.284GiB / 13.65GiB,N/A,N/A
2025-10-10T13:14:15Z,analylit-rq-dashboard-1,0.37%,21.9MiB / 13.65GiB,N/A,N/A
2025-10-10T13:14:15Z,analylit-worker-analysis-6,0.03%,22.04MiB / 13.65GiB,N/A,N/A
2025-10-10T13:14:15Z,analylit-worker-synthesis-1,0.04%,22.03MiB / 13.65GiB,N/A,N/A
2025-10-10T13:14:15Z,analylit_db,0.00%,26.7MiB / 13.65GiB,N/A,N/A
2025-10-10T13:14:15Z,analylit_monitor,0.52%,14.24MiB / 13.65GiB,N/A,N/A
2025-10-10T13:14:15Z,analylit-worker-screening-1,0.03%,22.04MiB / 13.65GiB,N/A,N/A
2025-10-10T13:14:15Z,analylit-worker-extraction-1,0.03%,22.04MiB / 13.65GiB,N/A,N/A
2025-10-10T13:14:15Z,analylit-worker-import-1,0.03%,20.91MiB / 4GiB,N/A,N/A
2025-10-10T13:14:15Z,analylit-worker-analysis-5,0.04%,22.04MiB / 13.65GiB,N/A,N/A
2025-10-10T13:14:15Z,analylit-worker-analysis-3,0.03%,22.05MiB / 13.65GiB,N/A,N/A
2025-10-10T13:14:15Z,analylit-worker-extraction-4,0.03%,22.05MiB / 13.65GiB,N/A,N/A
2025-10-10T13:14:15Z,analylit-worker-synthesis-2,0.03%,22.04MiB / 13.65GiB,N/A,N/A
2025-10-10T13:14:15Z,analylit-worker-analysis-4,0.03%,22.06MiB / 13.65GiB,N/A,N/A
2025-10-10T13:14:15Z,analylit-worker-extraction-3,0.03%,22.04MiB / 13.65GiB,N/A,N/A
2025-10-10T13:14:15Z,analylit-worker-extraction-6,0.03%,22.05MiB / 13.65GiB,N/A,N/A
2025-10-10T13:14:15Z,analylit_ollama,0.00%,25.85MiB / 13.65GiB,N/A,N/A
2025-10-10T13:14:15Z,analylit-worker-analysis-1,0.03%,22.05MiB / 13.65GiB,N/A,N/A
2025-10-10T13:14:15Z,analylit_redis,0.43%,5.426MiB / 13.65GiB,N/A,N/A
2025-10-10T13:14:15Z,analylit-worker-screening-2,0.03%,22.04MiB / 13.65GiB,N/A,N/A
2025-10-10T13:14:15Z,analylit-worker-analysis-2,0.03%,22.05MiB / 13.65GiB,N/A,N/A
2025-10-10T13:14:15Z,analylit-worker-extraction-5,0.03%,22.06MiB / 13.65GiB,N/A,N/A
2025-10-10T13:14:15Z,analylit-worker-extraction-2,0.03%,22.05MiB / 13.65GiB,N/A,N/A
2025-10-10T13:14:22Z,analylit_web,0.15%,5.284GiB / 13.65GiB,N/A,N/A
2025-10-10T13:14:22Z,analylit-rq-dashboard-1,0.01%,21.9MiB / 13.65GiB,N/A,N/A
2025-10-10T13:14:22Z,analylit-worker-analysis-6,0.03%,22.04MiB / 13.65GiB,N/A,N/A
2025-10-10T13:14:22Z,analylit-worker-synthesis-1,0.03%,22.03MiB / 13.65GiB,N/A,N/A
2025-10-10T13:14:22Z,analylit_db,0.00%,26.7MiB / 13.65GiB,N/A,N/A
2025-10-10T13:14:22Z,analylit_monitor,0.70%,14.25MiB / 13.65GiB,N/A,N/A
2025-10-10T13:14:22Z,analylit-worker-screening-1,0.04%,22.04MiB / 13.65GiB,N/A,N/A
2025-10-10T13:14:22Z,analylit-worker-extraction-1,0.03%,22.04MiB / 13.65GiB,N/A,N/A
2025-10-10T13:14:22Z,analylit-worker-import-1,0.03%,20.91MiB / 4GiB,N/A,N/A
2025-10-10T13:14:22Z,analylit-worker-analysis-5,0.03%,22.04MiB / 13.65GiB,N/A,N/A
2025-10-10T13:14:22Z,analylit-worker-analysis-3,0.04%,22.05MiB / 13.65GiB,N/A,N/A
2025-10-10T13:14:22Z,analylit-worker-extraction-4,0.03%,22.05MiB / 13.65GiB,N/A,N/A
2025-10-10T13:14:22Z,analylit-worker-synthesis-2,0.03%,22.04MiB / 13.65GiB,N/A,N/A
2025-10-10T13:14:22Z,analylit-worker-analysis-4,0.04%,22.06MiB / 13.65GiB,N/A,N/A
2025-10-10T13:14:22Z,analylit-worker-extraction-3,0.03%,22.04MiB / 13.65GiB,N/A,N/A
2025-10-10T13:14:22Z,analylit-worker-extraction-6,0.03%,22.05MiB / 13.65GiB,N/A,N/A
2025-10-10T13:14:22Z,analylit_ollama,0.00%,25.85MiB / 13.65GiB,N/A,N/A
2025-10-10T13:14:22Z,analylit-worker-analysis-1,0.03%,22.05MiB / 13.65GiB,N/A,N/A
2025-10-10T13:14:22Z,analylit_redis,2.41%,5.426MiB / 13.65GiB,N/A,N/A
2025-10-10T13:14:22Z,analylit-worker-screening-2,0.03%,22.04MiB / 13.65GiB,N/A,N/A
2025-10-10T13:14:22Z,analylit-worker-analysis-2,0.03%,22.05MiB / 13.65GiB,N/A,N/A
2025-10-10T13:14:22Z,analylit-worker-extraction-5,0.04%,22.06MiB / 13.65GiB,N/A,N/A
2025-10-10T13:14:22Z,analylit-worker-extraction-2,0.03%,22.05MiB / 13.65GiB,N/A,N/A
2025-10-10T13:14:29Z,analylit_web,0.15%,5.284GiB / 13.65GiB,N/A,N/A
2025-10-10T13:14:29Z,analylit-rq-dashboard-1,0.01%,21.9MiB / 13.65GiB,N/A,N/A
2025-10-10T13:14:29Z,analylit-worker-analysis-6,0.03%,22.04MiB / 13.65GiB,N/A,N/A
2025-10-10T13:14:29Z,analylit-worker-synthesis-1,0.03%,22.03MiB / 13.65GiB,N/A,N/A
2025-10-10T13:14:29Z,analylit_db,0.00%,26.86MiB / 13.65GiB,N/A,N/A
2025-10-10T13:14:29Z,analylit_monitor,0.08%,13.97MiB / 13.65GiB,N/A,N/A
2025-10-10T13:14:29Z,analylit-worker-screening-1,0.04%,22.04MiB / 13.65GiB,N/A,N/A
2025-10-10T13:14:29Z,analylit-worker-extraction-1,0.05%,22.04MiB / 13.65GiB,N/A,N/A
2025-10-10T13:14:29Z,analylit-worker-import-1,0.03%,20.91MiB / 4GiB,N/A,N/A
2025-10-10T13:14:29Z,analylit-worker-analysis-5,0.03%,22.04MiB / 13.65GiB,N/A,N/A
2025-10-10T13:14:29Z,analylit-worker-analysis-3,0.04%,22.05MiB / 13.65GiB,N/A,N/A
2025-10-10T13:14:29Z,analylit-worker-extraction-4,0.03%,22.05MiB / 13.65GiB,N/A,N/A
2025-10-10T13:14:29Z,analylit-worker-synthesis-2,0.03%,22.04MiB / 13.65GiB,N/A,N/A
2025-10-10T13:14:29Z,analylit-worker-analysis-4,0.03%,22.06MiB / 13.65GiB,N/A,N/A
2025-10-10T13:14:29Z,analylit-worker-extraction-3,0.04%,22.04MiB / 13.65GiB,N/A,N/A
2025-10-10T13:14:29Z,analylit-worker-extraction-6,0.03%,22.05MiB / 13.65GiB,N/A,N/A
2025-10-10T13:14:29Z,analylit_ollama,0.00%,25.85MiB / 13.65GiB,N/A,N/A
2025-10-10T13:14:29Z,analylit-worker-analysis-1,0.03%,22.05MiB / 13.65GiB,N/A,N/A
2025-10-10T13:14:29Z,analylit_redis,0.34%,5.422MiB / 13.65GiB,N/A,N/A
2025-10-10T13:14:29Z,analylit-worker-screening-2,0.04%,22.04MiB / 13.65GiB,N/A,N/A
2025-10-10T13:14:29Z,analylit-worker-analysis-2,0.03%,22.05MiB / 13.65GiB,N/A,N/A
2025-10-10T13:14:29Z,analylit-worker-extraction-5,0.03%,22.06MiB / 13.65GiB,N/A,N/A
2025-10-10T13:14:29Z,analylit-worker-extraction-2,0.03%,22.05MiB / 13.65GiB,N/A,N/A
2025-10-10T13:14:37Z,analylit_web,0.15%,5.284GiB / 13.65GiB,N/A,N/A
2025-10-10T13:14:37Z,analylit-rq-dashboard-1,0.01%,21.91MiB / 13.65GiB,N/A,N/A
2025-10-10T13:14:37Z,analylit-worker-analysis-6,0.05%,22.04MiB / 13.65GiB,N/A,N/A
2025-10-10T13:14:37Z,analylit-worker-synthesis-1,0.04%,22.03MiB / 13.65GiB,N/A,N/A
2025-10-10T13:14:37Z,analylit_db,0.00%,26.85MiB / 13.65GiB,N/A,N/A
2025-10-10T13:14:37Z,analylit_monitor,0.63%,14.61MiB / 13.65GiB,N/A,N/A
2025-10-10T13:14:37Z,analylit-worker-screening-1,0.04%,22.04MiB / 13.65GiB,N/A,N/A
2025-10-10T13:14:37Z,analylit-worker-extraction-1,0.04%,22.04MiB / 13.65GiB,N/A,N/A
2025-10-10T13:14:37Z,analylit-worker-import-1,0.03%,20.91MiB / 4GiB,N/A,N/A
2025-10-10T13:14:37Z,analylit-worker-analysis-5,0.03%,22.04MiB / 13.65GiB,N/A,N/A
2025-10-10T13:14:37Z,analylit-worker-analysis-3,0.04%,22.05MiB / 13.65GiB,N/A,N/A
2025-10-10T13:14:37Z,analylit-worker-extraction-4,0.04%,22.05MiB / 13.65GiB,N/A,N/A
2025-10-10T13:14:37Z,analylit-worker-synthesis-2,0.05%,22.04MiB / 13.65GiB,N/A,N/A
2025-10-10T13:14:37Z,analylit-worker-analysis-4,0.05%,22.06MiB / 13.65GiB,N/A,N/A
2025-10-10T13:14:37Z,analylit-worker-extraction-3,0.04%,22.04MiB / 13.65GiB,N/A,N/A
2025-10-10T13:14:37Z,analylit-worker-extraction-6,0.04%,22.05MiB / 13.65GiB,N/A,N/A
2025-10-10T13:14:37Z,analylit_ollama,0.00%,25.85MiB / 13.65GiB,N/A,N/A
2025-10-10T13:14:37Z,analylit-worker-analysis-1,0.05%,22.05MiB / 13.65GiB,N/A,N/A
2025-10-10T13:14:37Z,analylit_redis,0.35%,5.422MiB / 13.65GiB,N/A,N/A
2025-10-10T13:14:37Z,analylit-worker-screening-2,0.04%,22.04MiB / 13.65GiB,N/A,N/A
2025-10-10T13:14:37Z,analylit-worker-analysis-2,0.04%,22.05MiB / 13.65GiB,N/A,N/A
2025-10-10T13:14:37Z,analylit-worker-extraction-5,0.03%,22.06MiB / 13.65GiB,N/A,N/A
2025-10-10T13:14:37Z,analylit-worker-extraction-2,0.04%,22.05MiB / 13.65GiB,N/A,N/A
2025-10-10T13:14:44Z,analylit_web,0.12%,5.284GiB / 13.65GiB,N/A,N/A
2025-10-10T13:14:44Z,analylit-rq-dashboard-1,0.02%,21.91MiB / 13.65GiB,N/A,N/A
2025-10-10T13:14:44Z,analylit-worker-analysis-6,0.03%,22.04MiB / 13.65GiB,N/A,N/A
2025-10-10T13:14:44Z,analylit-worker-synthesis-1,0.03%,22.03MiB / 13.65GiB,N/A,N/A
2025-10-10T13:14:44Z,analylit_db,0.00%,26.85MiB / 13.65GiB,N/A,N/A
2025-10-10T13:14:44Z,analylit_monitor,0.89%,14.23MiB / 13.65GiB,N/A,N/A
2025-10-10T13:14:44Z,analylit-worker-screening-1,0.04%,22.04MiB / 13.65GiB,N/A,N/A
2025-10-10T13:14:44Z,analylit-worker-extraction-1,0.04%,22.04MiB / 13.65GiB,N/A,N/A
2025-10-10T13:14:44Z,analylit-worker-import-1,0.03%,20.91MiB / 4GiB,N/A,N/A
2025-10-10T13:14:44Z,analylit-worker-analysis-5,0.03%,22.04MiB / 13.65GiB,N/A,N/A
2025-10-10T13:14:44Z,analylit-worker-analysis-3,0.04%,22.05MiB / 13.65GiB,N/A,N/A
2025-10-10T13:14:44Z,analylit-worker-extraction-4,0.03%,22.05MiB / 13.65GiB,N/A,N/A
2025-10-10T13:14:44Z,analylit-worker-synthesis-2,0.03%,22.04MiB / 13.65GiB,N/A,N/A
2025-10-10T13:14:44Z,analylit-worker-analysis-4,0.03%,22.06MiB / 13.65GiB,N/A,N/A
2025-10-10T13:14:44Z,analylit-worker-extraction-3,0.04%,22.04MiB / 13.65GiB,N/A,N/A
2025-10-10T13:14:44Z,analylit-worker-extraction-6,0.03%,22.05MiB / 13.65GiB,N/A,N/A
2025-10-10T13:14:44Z,analylit_ollama,0.00%,27.23MiB / 13.65GiB,N/A,N/A
2025-10-10T13:14:44Z,analylit-worker-analysis-1,0.03%,22.05MiB / 13.65GiB,N/A,N/A
2025-10-10T13:14:44Z,analylit_redis,0.35%,5.418MiB / 13.65GiB,N/A,N/A
2025-10-10T13:14:44Z,analylit-worker-screening-2,0.04%,22.04MiB / 13.65GiB,N/A,N/A
2025-10-10T13:14:44Z,analylit-worker-analysis-2,0.03%,22.05MiB / 13.65GiB,N/A,N/A
2025-10-10T13:14:44Z,analylit-worker-extraction-5,0.03%,22.06MiB / 13.65GiB,N/A,N/A
2025-10-10T13:14:44Z,analylit-worker-extraction-2,0.03%,22.05MiB / 13.65GiB,N/A,N/A
2025-10-10T13:14:51Z,analylit_web,0.21%,5.284GiB / 13.65GiB,N/A,N/A
2025-10-10T13:14:51Z,analylit-rq-dashboard-1,0.34%,21.93MiB / 13.65GiB,N/A,N/A
2025-10-10T13:14:51Z,analylit-worker-analysis-6,0.05%,22.04MiB / 13.65GiB,N/A,N/A
2025-10-10T13:14:51Z,analylit-worker-synthesis-1,0.05%,22.03MiB / 13.65GiB,N/A,N/A
2025-10-10T13:14:51Z,analylit_db,0.00%,26.86MiB / 13.65GiB,N/A,N/A
2025-10-10T13:14:51Z,analylit_monitor,0.71%,14.34MiB / 13.65GiB,N/A,N/A
2025-10-10T13:14:51Z,analylit-worker-screening-1,0.05%,22.04MiB / 13.65GiB,N/A,N/A
2025-10-10T13:14:51Z,analylit-worker-extraction-1,0.04%,22.04MiB / 13.65GiB,N/A,N/A
2025-10-10T13:14:51Z,analylit-worker-import-1,0.04%,20.91MiB / 4GiB,N/A,N/A
2025-10-10T13:14:51Z,analylit-worker-analysis-5,0.04%,22.04MiB / 13.65GiB,N/A,N/A
2025-10-10T13:14:51Z,analylit-worker-analysis-3,0.06%,22.05MiB / 13.65GiB,N/A,N/A
2025-10-10T13:14:51Z,analylit-worker-extraction-4,0.05%,22.05MiB / 13.65GiB,N/A,N/A
2025-10-10T13:14:51Z,analylit-worker-synthesis-2,0.05%,22.04MiB / 13.65GiB,N/A,N/A
2025-10-10T13:14:51Z,analylit-worker-analysis-4,0.05%,22.06MiB / 13.65GiB,N/A,N/A
2025-10-10T13:14:51Z,analylit-worker-extraction-3,0.03%,22.04MiB / 13.65GiB,N/A,N/A
2025-10-10T13:14:51Z,analylit-worker-extraction-6,0.05%,22.05MiB / 13.65GiB,N/A,N/A
2025-10-10T13:14:51Z,analylit_ollama,0.00%,27.23MiB / 13.65GiB,N/A,N/A
2025-10-10T13:14:51Z,analylit-worker-analysis-1,0.03%,22.05MiB / 13.65GiB,N/A,N/A
2025-10-10T13:14:51Z,analylit_redis,0.44%,5.398MiB / 13.65GiB,N/A,N/A
2025-10-10T13:14:51Z,analylit-worker-screening-2,0.04%,22.04MiB / 13.65GiB,N/A,N/A
2025-10-10T13:14:51Z,analylit-worker-analysis-2,0.04%,22.05MiB / 13.65GiB,N/A,N/A
2025-10-10T13:14:51Z,analylit-worker-extraction-5,0.03%,22.06MiB / 13.65GiB,N/A,N/A
2025-10-10T13:14:51Z,analylit-worker-extraction-2,0.05%,22.05MiB / 13.65GiB,N/A,N/A
2025-10-10T13:14:59Z,analylit_web,0.12%,5.284GiB / 13.65GiB,N/A,N/A
2025-10-10T13:14:59Z,analylit-rq-dashboard-1,0.01%,21.92MiB / 13.65GiB,N/A,N/A
2025-10-10T13:14:59Z,analylit-worker-analysis-6,0.03%,22.04MiB / 13.65GiB,N/A,N/A
2025-10-10T13:14:59Z,analylit-worker-synthesis-1,0.03%,22.03MiB / 13.65GiB,N/A,N/A
2025-10-10T13:14:59Z,analylit_db,0.00%,26.86MiB / 13.65GiB,N/A,N/A
2025-10-10T13:14:59Z,analylit_monitor,0.20%,14.45MiB / 13.65GiB,N/A,N/A
2025-10-10T13:14:59Z,analylit-worker-screening-1,0.04%,22.04MiB / 13.65GiB,N/A,N/A
2025-10-10T13:14:59Z,analylit-worker-extraction-1,0.05%,22.04MiB / 13.65GiB,N/A,N/A
2025-10-10T13:14:59Z,analylit-worker-import-1,0.03%,20.91MiB / 4GiB,N/A,N/A
2025-10-10T13:14:59Z,analylit-worker-analysis-5,0.04%,22.04MiB / 13.65GiB,N/A,N/A
2025-10-10T13:14:59Z,analylit-worker-analysis-3,0.04%,22.05MiB / 13.65GiB,N/A,N/A
2025-10-10T13:14:59Z,analylit-worker-extraction-4,0.04%,22.05MiB / 13.65GiB,N/A,N/A
2025-10-10T13:14:59Z,analylit-worker-synthesis-2,0.04%,22.04MiB / 13.65GiB,N/A,N/A
2025-10-10T13:14:59Z,analylit-worker-analysis-4,0.04%,22.06MiB / 13.65GiB,N/A,N/A
2025-10-10T13:14:59Z,analylit-worker-extraction-3,0.04%,22.04MiB / 13.65GiB,N/A,N/A
2025-10-10T13:14:59Z,analylit-worker-extraction-6,0.05%,22.05MiB / 13.65GiB,N/A,N/A
2025-10-10T13:14:59Z,analylit_ollama,0.00%,27.23MiB / 13.65GiB,N/A,N/A
2025-10-10T13:14:59Z,analylit-worker-analysis-1,0.03%,22.05MiB / 13.65GiB,N/A,N/A
2025-10-10T13:14:59Z,analylit_redis,0.34%,5.328MiB / 13.65GiB,N/A,N/A
2025-10-10T13:14:59Z,analylit-worker-screening-2,0.05%,22.04MiB / 13.65GiB,N/A,N/A
2025-10-10T13:14:59Z,analylit-worker-analysis-2,0.03%,22.05MiB / 13.65GiB,N/A,N/A
2025-10-10T13:14:59Z,analylit-worker-extraction-5,0.04%,22.06MiB / 13.65GiB,N/A,N/A
2025-10-10T13:14:59Z,analylit-worker-extraction-2,0.03%,22.05MiB / 13.65GiB,N/A,N/A
2025-10-10T13:15:06Z,analylit_web,0.14%,5.284GiB / 13.65GiB,N/A,N/A
2025-10-10T13:15:06Z,analylit-rq-dashboard-1,0.32%,21.92MiB / 13.65GiB,N/A,N/A
2025-10-10T13:15:06Z,analylit-worker-analysis-6,0.03%,22.04MiB / 13.65GiB,N/A,N/A
2025-10-10T13:15:06Z,analylit-worker-synthesis-1,0.04%,22.03MiB / 13.65GiB,N/A,N/A
2025-10-10T13:15:06Z,analylit_db,2.85%,27.02MiB / 13.65GiB,N/A,N/A
2025-10-10T13:15:06Z,analylit_monitor,0.89%,14.46MiB / 13.65GiB,N/A,N/A
2025-10-10T13:15:06Z,analylit-worker-screening-1,0.03%,22.04MiB / 13.65GiB,N/A,N/A
2025-10-10T13:15:06Z,analylit-worker-extraction-1,0.04%,22.04MiB / 13.65GiB,N/A,N/A
2025-10-10T13:15:06Z,analylit-worker-import-1,0.04%,20.91MiB / 4GiB,N/A,N/A
2025-10-10T13:15:06Z,analylit-worker-analysis-5,0.03%,22.04MiB / 13.65GiB,N/A,N/A
2025-10-10T13:15:06Z,analylit-worker-analysis-3,0.04%,22.05MiB / 13.65GiB,N/A,N/A
2025-10-10T13:15:06Z,analylit-worker-extraction-4,0.03%,22.05MiB / 13.65GiB,N/A,N/A
2025-10-10T13:15:06Z,analylit-worker-synthesis-2,0.03%,22.04MiB / 13.65GiB,N/A,N/A
2025-10-10T13:15:06Z,analylit-worker-analysis-4,0.03%,22.06MiB / 13.65GiB,N/A,N/A
2025-10-10T13:15:06Z,analylit-worker-extraction-3,0.03%,22.04MiB / 13.65GiB,N/A,N/A
2025-10-10T13:15:06Z,analylit-worker-extraction-6,0.03%,22.05MiB / 13.65GiB,N/A,N/A
2025-10-10T13:15:06Z,analylit_ollama,0.00%,27.23MiB / 13.65GiB,N/A,N/A
2025-10-10T13:15:06Z,analylit-worker-analysis-1,0.03%,22.05MiB / 13.65GiB,N/A,N/A
2025-10-10T13:15:06Z,analylit_redis,0.42%,5.332MiB / 13.65GiB,N/A,N/A
2025-10-10T13:15:06Z,analylit-worker-screening-2,0.03%,22.04MiB / 13.65GiB,N/A,N/A
2025-10-10T13:15:06Z,analylit-worker-analysis-2,0.03%,22.05MiB / 13.65GiB,N/A,N/A
2025-10-10T13:15:06Z,analylit-worker-extraction-5,0.03%,22.06MiB / 13.65GiB,N/A,N/A
2025-10-10T13:15:06Z,analylit-worker-extraction-2,0.04%,22.05MiB / 13.65GiB,N/A,N/A
2025-10-10T13:15:13Z,analylit_web,0.14%,5.284GiB / 13.65GiB,N/A,N/A
2025-10-10T13:15:13Z,analylit-rq-dashboard-1,0.01%,21.92MiB / 13.65GiB,N/A,N/A
2025-10-10T13:15:13Z,analylit-worker-analysis-6,0.03%,22.04MiB / 13.65GiB,N/A,N/A
2025-10-10T13:15:13Z,analylit-worker-synthesis-1,0.03%,22.03MiB / 13.65GiB,N/A,N/A
2025-10-10T13:15:13Z,analylit_db,0.00%,27.01MiB / 13.65GiB,N/A,N/A
2025-10-10T13:15:13Z,analylit_monitor,0.61%,14.27MiB / 13.65GiB,N/A,N/A
2025-10-10T13:15:13Z,analylit-worker-screening-1,0.04%,22.04MiB / 13.65GiB,N/A,N/A
2025-10-10T13:15:13Z,analylit-worker-extraction-1,0.03%,22.04MiB / 13.65GiB,N/A,N/A
2025-10-10T13:15:13Z,analylit-worker-import-1,0.03%,20.91MiB / 4GiB,N/A,N/A
2025-10-10T13:15:13Z,analylit-worker-analysis-5,0.04%,22.04MiB / 13.65GiB,N/A,N/A
2025-10-10T13:15:13Z,analylit-worker-analysis-3,0.04%,22.05MiB / 13.65GiB,N/A,N/A
2025-10-10T13:15:13Z,analylit-worker-extraction-4,0.03%,22.05MiB / 13.65GiB,N/A,N/A
2025-10-10T13:15:13Z,analylit-worker-synthesis-2,0.03%,22.04MiB / 13.65GiB,N/A,N/A
2025-10-10T13:15:13Z,analylit-worker-analysis-4,0.03%,22.06MiB / 13.65GiB,N/A,N/A
2025-10-10T13:15:13Z,analylit-worker-extraction-3,0.03%,22.04MiB / 13.65GiB,N/A,N/A
2025-10-10T13:15:13Z,analylit-worker-extraction-6,0.04%,22.05MiB / 13.65GiB,N/A,N/A
2025-10-10T13:15:13Z,analylit_ollama,0.00%,27.23MiB / 13.65GiB,N/A,N/A
2025-10-10T13:15:13Z,analylit-worker-analysis-1,0.03%,22.05MiB / 13.65GiB,N/A,N/A
2025-10-10T13:15:13Z,analylit_redis,2.38%,5.336MiB / 13.65GiB,N/A,N/A
2025-10-10T13:15:13Z,analylit-worker-screening-2,0.03%,22.04MiB / 13.65GiB,N/A,N/A
2025-10-10T13:15:13Z,analylit-worker-analysis-2,0.03%,22.05MiB / 13.65GiB,N/A,N/A
2025-10-10T13:15:13Z,analylit-worker-extraction-5,0.04%,22.06MiB / 13.65GiB,N/A,N/A
2025-10-10T13:15:13Z,analylit-worker-extraction-2,0.03%,22.05MiB / 13.65GiB,N/A,N/A
2025-10-10T13:15:21Z,analylit_web,0.27%,5.284GiB / 13.65GiB,N/A,N/A
2025-10-10T13:15:21Z,analylit-rq-dashboard-1,0.33%,21.92MiB / 13.65GiB,N/A,N/A
2025-10-10T13:15:21Z,analylit-worker-analysis-6,0.03%,22.04MiB / 13.65GiB,N/A,N/A
2025-10-10T13:15:21Z,analylit-worker-synthesis-1,0.04%,22.03MiB / 13.65GiB,N/A,N/A
2025-10-10T13:15:21Z,analylit_db,0.00%,27.02MiB / 13.65GiB,N/A,N/A
2025-10-10T13:15:21Z,analylit_monitor,0.97%,14.79MiB / 13.65GiB,N/A,N/A
2025-10-10T13:15:21Z,analylit-worker-screening-1,0.03%,22.04MiB / 13.65GiB,N/A,N/A
2025-10-10T13:15:21Z,analylit-worker-extraction-1,0.03%,22.04MiB / 13.65GiB,N/A,N/A
2025-10-10T13:15:21Z,analylit-worker-import-1,0.04%,20.91MiB / 4GiB,N/A,N/A
2025-10-10T13:15:21Z,analylit-worker-analysis-5,0.03%,22.04MiB / 13.65GiB,N/A,N/A
2025-10-10T13:15:21Z,analylit-worker-analysis-3,0.03%,22.05MiB / 13.65GiB,N/A,N/A
2025-10-10T13:15:21Z,analylit-worker-extraction-4,0.03%,22.05MiB / 13.65GiB,N/A,N/A
2025-10-10T13:15:21Z,analylit-worker-synthesis-2,0.04%,22.04MiB / 13.65GiB,N/A,N/A
2025-10-10T13:15:21Z,analylit-worker-analysis-4,0.03%,22.06MiB / 13.65GiB,N/A,N/A
2025-10-10T13:15:21Z,analylit-worker-extraction-3,0.03%,22.04MiB / 13.65GiB,N/A,N/A
2025-10-10T13:15:21Z,analylit-worker-extraction-6,0.03%,22.05MiB / 13.65GiB,N/A,N/A
2025-10-10T13:15:21Z,analylit_ollama,0.00%,27.23MiB / 13.65GiB,N/A,N/A
2025-10-10T13:15:21Z,analylit-worker-analysis-1,0.03%,22.05MiB / 13.65GiB,N/A,N/A
2025-10-10T13:15:21Z,analylit_redis,0.40%,5.336MiB / 13.65GiB,N/A,N/A
2025-10-10T13:15:21Z,analylit-worker-screening-2,0.03%,22.04MiB / 13.65GiB,N/A,N/A
2025-10-10T13:15:21Z,analylit-worker-analysis-2,0.04%,22.05MiB / 13.65GiB,N/A,N/A
2025-10-10T13:15:21Z,analylit-worker-extraction-5,0.03%,22.06MiB / 13.65GiB,N/A,N/A
2025-10-10T13:15:21Z,analylit-worker-extraction-2,0.03%,22.05MiB / 13.65GiB,N/A,N/A
2025-10-10T13:15:28Z,analylit_web,0.11%,5.284GiB / 13.65GiB,N/A,N/A
2025-10-10T13:15:28Z,analylit-rq-dashboard-1,0.01%,21.92MiB / 13.65GiB,N/A,N/A
2025-10-10T13:15:28Z,analylit-worker-analysis-6,0.03%,22.04MiB / 13.65GiB,N/A,N/A
2025-10-10T13:15:28Z,analylit-worker-synthesis-1,0.03%,22.03MiB / 13.65GiB,N/A,N/A
2025-10-10T13:15:28Z,analylit_db,0.00%,27.01MiB / 13.65GiB,N/A,N/A
2025-10-10T13:15:28Z,analylit_monitor,0.12%,14.49MiB / 13.65GiB,N/A,N/A
2025-10-10T13:15:28Z,analylit-worker-screening-1,0.04%,22.04MiB / 13.65GiB,N/A,N/A
2025-10-10T13:15:28Z,analylit-worker-extraction-1,0.03%,22.04MiB / 13.65GiB,N/A,N/A
2025-10-10T13:15:28Z,analylit-worker-import-1,0.03%,20.91MiB / 4GiB,N/A,N/A
2025-10-10T13:15:28Z,analylit-worker-analysis-5,0.04%,22.04MiB / 13.65GiB,N/A,N/A
2025-10-10T13:15:28Z,analylit-worker-analysis-3,0.04%,22.05MiB / 13.65GiB,N/A,N/A
2025-10-10T13:15:28Z,analylit-worker-extraction-4,0.03%,22.05MiB / 13.65GiB,N/A,N/A
2025-10-10T13:15:28Z,analylit-worker-synthesis-2,0.03%,22.04MiB / 13.65GiB,N/A,N/A
2025-10-10T13:15:28Z,analylit-worker-analysis-4,0.04%,22.06MiB / 13.65GiB,N/A,N/A
2025-10-10T13:15:28Z,analylit-worker-extraction-3,0.03%,22.04MiB / 13.65GiB,N/A,N/A
2025-10-10T13:15:28Z,analylit-worker-extraction-6,0.03%,22.05MiB / 13.65GiB,N/A,N/A
2025-10-10T13:15:28Z,analylit_ollama,0.00%,27.23MiB / 13.65GiB,N/A,N/A
2025-10-10T13:15:28Z,analylit-worker-analysis-1,0.03%,22.05MiB / 13.65GiB,N/A,N/A
2025-10-10T13:15:28Z,analylit_redis,2.52%,5.34MiB / 13.65GiB,N/A,N/A
2025-10-10T13:15:28Z,analylit-worker-screening-2,0.03%,22.04MiB / 13.65GiB,N/A,N/A
2025-10-10T13:15:28Z,analylit-worker-analysis-2,0.03%,22.05MiB / 13.65GiB,N/A,N/A
2025-10-10T13:15:28Z,analylit-worker-extraction-5,0.04%,22.06MiB / 13.65GiB,N/A,N/A
2025-10-10T13:15:28Z,analylit-worker-extraction-2,0.03%,22.05MiB / 13.65GiB,N/A,N/A
2025-10-10T13:15:35Z,analylit_web,0.11%,5.284GiB / 13.65GiB,N/A,N/A
2025-10-10T13:15:35Z,analylit-rq-dashboard-1,0.01%,21.92MiB / 13.65GiB,N/A,N/A
2025-10-10T13:15:35Z,analylit-worker-analysis-6,0.03%,22.04MiB / 13.65GiB,N/A,N/A
2025-10-10T13:15:35Z,analylit-worker-synthesis-1,0.04%,22.03MiB / 13.65GiB,N/A,N/A
2025-10-10T13:15:35Z,analylit_db,0.00%,27.01MiB / 13.65GiB,N/A,N/A
2025-10-10T13:15:35Z,analylit_monitor,0.79%,14.76MiB / 13.65GiB,N/A,N/A
2025-10-10T13:15:35Z,analylit-worker-screening-1,0.03%,22.04MiB / 13.65GiB,N/A,N/A
2025-10-10T13:15:35Z,analylit-worker-extraction-1,0.03%,22.04MiB / 13.65GiB,N/A,N/A
2025-10-10T13:15:35Z,analylit-worker-import-1,0.04%,20.91MiB / 4GiB,N/A,N/A
2025-10-10T13:15:35Z,analylit-worker-analysis-5,0.03%,22.04MiB / 13.65GiB,N/A,N/A
2025-10-10T13:15:35Z,analylit-worker-analysis-3,0.03%,22.05MiB / 13.65GiB,N/A,N/A
2025-10-10T13:15:35Z,analylit-worker-extraction-4,0.03%,22.05MiB / 13.65GiB,N/A,N/A
2025-10-10T13:15:35Z,analylit-worker-synthesis-2,0.04%,22.04MiB / 13.65GiB,N/A,N/A
2025-10-10T13:15:35Z,analylit-worker-analysis-4,0.03%,22.06MiB / 13.65GiB,N/A,N/A
2025-10-10T13:15:35Z,analylit-worker-extraction-3,0.03%,22.04MiB / 13.65GiB,N/A,N/A
2025-10-10T13:15:35Z,analylit-worker-extraction-6,0.03%,22.05MiB / 13.65GiB,N/A,N/A
2025-10-10T13:15:35Z,analylit_ollama,0.00%,27.23MiB / 13.65GiB,N/A,N/A
2025-10-10T13:15:35Z,analylit-worker-analysis-1,0.03%,22.05MiB / 13.65GiB,N/A,N/A
2025-10-10T13:15:35Z,analylit_redis,0.33%,5.336MiB / 13.65GiB,N/A,N/A
2025-10-10T13:15:35Z,analylit-worker-screening-2,0.03%,22.04MiB / 13.65GiB,N/A,N/A
2025-10-10T13:15:35Z,analylit-worker-analysis-2,0.04%,22.05MiB / 13.65GiB,N/A,N/A
2025-10-10T13:15:35Z,analylit-worker-extraction-5,0.03%,22.06MiB / 13.65GiB,N/A,N/A
2025-10-10T13:15:35Z,analylit-worker-extraction-2,0.03%,22.05MiB / 13.65GiB,N/A,N/A
2025-10-10T13:15:43Z,analylit_web,0.13%,5.284GiB / 13.65GiB,N/A,N/A
2025-10-10T13:15:43Z,analylit-rq-dashboard-1,0.26%,21.92MiB / 13.65GiB,N/A,N/A
2025-10-10T13:15:43Z,analylit-worker-analysis-6,0.03%,22.04MiB / 13.65GiB,N/A,N/A
2025-10-10T13:15:43Z,analylit-worker-synthesis-1,0.04%,22.03MiB / 13.65GiB,N/A,N/A
2025-10-10T13:15:43Z,analylit_db,0.00%,27.01MiB / 13.65GiB,N/A,N/A
2025-10-10T13:15:43Z,analylit_monitor,0.63%,14.49MiB / 13.65GiB,N/A,N/A
2025-10-10T13:15:43Z,analylit-worker-screening-1,0.04%,22.04MiB / 13.65GiB,N/A,N/A
2025-10-10T13:15:43Z,analylit-worker-extraction-1,0.04%,22.04MiB / 13.65GiB,N/A,N/A
2025-10-10T13:15:43Z,analylit-worker-import-1,0.04%,20.91MiB / 4GiB,N/A,N/A
2025-10-10T13:15:43Z,analylit-worker-analysis-5,0.04%,22.04MiB / 13.65GiB,N/A,N/A
2025-10-10T13:15:43Z,analylit-worker-analysis-3,0.04%,22.05MiB / 13.65GiB,N/A,N/A
2025-10-10T13:15:43Z,analylit-worker-extraction-4,0.03%,22.05MiB / 13.65GiB,N/A,N/A
2025-10-10T13:15:43Z,analylit-worker-synthesis-2,0.03%,22.04MiB / 13.65GiB,N/A,N/A
2025-10-10T13:15:43Z,analylit-worker-analysis-4,0.03%,22.06MiB / 13.65GiB,N/A,N/A
2025-10-10T13:15:43Z,analylit-worker-extraction-3,0.03%,22.04MiB / 13.65GiB,N/A,N/A
2025-10-10T13:15:43Z,analylit-worker-extraction-6,0.04%,22.05MiB / 13.65GiB,N/A,N/A
2025-10-10T13:15:43Z,analylit_ollama,0.00%,26.3MiB / 13.65GiB,N/A,N/A
2025-10-10T13:15:43Z,analylit-worker-analysis-1,0.04%,22.05MiB / 13.65GiB,N/A,N/A
2025-10-10T13:15:43Z,analylit_redis,0.45%,5.332MiB / 13.65GiB,N/A,N/A
2025-10-10T13:15:43Z,analylit-worker-screening-2,0.03%,22.04MiB / 13.65GiB,N/A,N/A
2025-10-10T13:15:43Z,analylit-worker-analysis-2,0.03%,22.05MiB / 13.65GiB,N/A,N/A
2025-10-10T13:15:43Z,analylit-worker-extraction-5,0.04%,22.06MiB / 13.65GiB,N/A,N/A
2025-10-10T13:15:43Z,analylit-worker-extraction-2,0.04%,22.05MiB / 13.65GiB,N/A,N/A
2025-10-10T13:15:50Z,analylit_web,0.18%,5.284GiB / 13.65GiB,N/A,N/A
2025-10-10T13:15:50Z,analylit-rq-dashboard-1,0.01%,21.92MiB / 13.65GiB,N/A,N/A
2025-10-10T13:15:50Z,analylit-worker-analysis-6,0.04%,22.04MiB / 13.65GiB,N/A,N/A
2025-10-10T13:15:50Z,analylit-worker-synthesis-1,0.05%,22.03MiB / 13.65GiB,N/A,N/A
2025-10-10T13:15:50Z,analylit_db,0.00%,27.01MiB / 13.65GiB,N/A,N/A
2025-10-10T13:15:50Z,analylit_monitor,0.52%,14.49MiB / 13.65GiB,N/A,N/A
2025-10-10T13:15:50Z,analylit-worker-screening-1,0.04%,22.04MiB / 13.65GiB,N/A,N/A
2025-10-10T13:15:50Z,analylit-worker-extraction-1,0.04%,22.04MiB / 13.65GiB,N/A,N/A
2025-10-10T13:15:50Z,analylit-worker-import-1,0.04%,20.91MiB / 4GiB,N/A,N/A
2025-10-10T13:15:50Z,analylit-worker-analysis-5,0.03%,22.04MiB / 13.65GiB,N/A,N/A
2025-10-10T13:15:50Z,analylit-worker-analysis-3,0.04%,22.05MiB / 13.65GiB,N/A,N/A
2025-10-10T13:15:50Z,analylit-worker-extraction-4,0.03%,22.05MiB / 13.65GiB,N/A,N/A
2025-10-10T13:15:50Z,analylit-worker-synthesis-2,0.04%,22.04MiB / 13.65GiB,N/A,N/A
2025-10-10T13:15:50Z,analylit-worker-analysis-4,0.03%,22.06MiB / 13.65GiB,N/A,N/A
2025-10-10T13:15:50Z,analylit-worker-extraction-3,0.03%,22.04MiB / 13.65GiB,N/A,N/A
2025-10-10T13:15:50Z,analylit-worker-extraction-6,0.03%,22.05MiB / 13.65GiB,N/A,N/A
2025-10-10T13:15:50Z,analylit_ollama,0.00%,26.3MiB / 13.65GiB,N/A,N/A
2025-10-10T13:15:50Z,analylit-worker-analysis-1,0.03%,22.05MiB / 13.65GiB,N/A,N/A
2025-10-10T13:15:50Z,analylit_redis,0.34%,5.332MiB / 13.65GiB,N/A,N/A
2025-10-10T13:15:50Z,analylit-worker-screening-2,0.03%,22.04MiB / 13.65GiB,N/A,N/A
2025-10-10T13:15:50Z,analylit-worker-analysis-2,0.03%,22.05MiB / 13.65GiB,N/A,N/A
2025-10-10T13:15:50Z,analylit-worker-extraction-5,0.04%,22.06MiB / 13.65GiB,N/A,N/A
2025-10-10T13:15:50Z,analylit-worker-extraction-2,0.03%,22.05MiB / 13.65GiB,N/A,N/A
2025-10-10T13:15:57Z,analylit_web,0.15%,5.284GiB / 13.65GiB,N/A,N/A
2025-10-10T13:15:57Z,analylit-rq-dashboard-1,0.42%,21.95MiB / 13.65GiB,N/A,N/A
2025-10-10T13:15:57Z,analylit-worker-analysis-6,0.03%,22.04MiB / 13.65GiB,N/A,N/A
2025-10-10T13:15:57Z,analylit-worker-synthesis-1,0.03%,22.03MiB / 13.65GiB,N/A,N/A
2025-10-10T13:15:57Z,analylit_db,0.00%,27.01MiB / 13.65GiB,N/A,N/A
2025-10-10T13:15:57Z,analylit_monitor,1.04%,14.32MiB / 13.65GiB,N/A,N/A
2025-10-10T13:15:57Z,analylit-worker-screening-1,0.04%,22.04MiB / 13.65GiB,N/A,N/A
2025-10-10T13:15:57Z,analylit-worker-extraction-1,0.04%,22.04MiB / 13.65GiB,N/A,N/A
2025-10-10T13:15:57Z,analylit-worker-import-1,0.03%,20.91MiB / 4GiB,N/A,N/A
2025-10-10T13:15:57Z,analylit-worker-analysis-5,0.03%,22.04MiB / 13.65GiB,N/A,N/A
2025-10-10T13:15:57Z,analylit-worker-analysis-3,0.04%,22.05MiB / 13.65GiB,N/A,N/A
2025-10-10T13:15:57Z,analylit-worker-extraction-4,0.03%,22.05MiB / 13.65GiB,N/A,N/A
2025-10-10T13:15:57Z,analylit-worker-synthesis-2,0.04%,22.04MiB / 13.65GiB,N/A,N/A
2025-10-10T13:15:57Z,analylit-worker-analysis-4,0.04%,22.06MiB / 13.65GiB,N/A,N/A
2025-10-10T13:15:57Z,analylit-worker-extraction-3,0.03%,22.04MiB / 13.65GiB,N/A,N/A
2025-10-10T13:15:57Z,analylit-worker-extraction-6,0.03%,22.05MiB / 13.65GiB,N/A,N/A
2025-10-10T13:15:57Z,analylit_ollama,0.00%,26.3MiB / 13.65GiB,N/A,N/A
2025-10-10T13:15:57Z,analylit-worker-analysis-1,0.04%,22.05MiB / 13.65GiB,N/A,N/A
2025-10-10T13:15:57Z,analylit_redis,0.43%,5.332MiB / 13.65GiB,N/A,N/A
2025-10-10T13:15:57Z,analylit-worker-screening-2,0.03%,22.04MiB / 13.65GiB,N/A,N/A
2025-10-10T13:15:57Z,analylit-worker-analysis-2,0.04%,22.05MiB / 13.65GiB,N/A,N/A
2025-10-10T13:15:57Z,analylit-worker-extraction-5,0.04%,22.06MiB / 13.65GiB,N/A,N/A
2025-10-10T13:15:57Z,analylit-worker-extraction-2,0.04%,22.05MiB / 13.65GiB,N/A,N/A
2025-10-10T13:16:04Z,analylit_web,0.56%,5.284GiB / 13.65GiB,N/A,N/A
2025-10-10T13:16:04Z,analylit-rq-dashboard-1,0.01%,21.98MiB / 13.65GiB,N/A,N/A
2025-10-10T13:16:04Z,analylit-worker-analysis-6,0.03%,22.04MiB / 13.65GiB,N/A,N/A
2025-10-10T13:16:04Z,analylit-worker-synthesis-1,0.05%,22.03MiB / 13.65GiB,N/A,N/A
2025-10-10T13:16:04Z,analylit_db,0.66%,27.01MiB / 13.65GiB,N/A,N/A
2025-10-10T13:16:04Z,analylit_monitor,0.00%,13.77MiB / 13.65GiB,N/A,N/A
2025-10-10T13:16:05Z,analylit-worker-screening-1,0.04%,22.04MiB / 13.65GiB,N/A,N/A
2025-10-10T13:16:05Z,analylit-worker-extraction-1,0.04%,22.04MiB / 13.65GiB,N/A,N/A
2025-10-10T13:16:05Z,analylit-worker-import-1,0.04%,20.91MiB / 4GiB,N/A,N/A
2025-10-10T13:16:05Z,analylit-worker-analysis-5,0.03%,22.04MiB / 13.65GiB,N/A,N/A
2025-10-10T13:16:05Z,analylit-worker-analysis-3,0.04%,22.05MiB / 13.65GiB,N/A,N/A
2025-10-10T13:16:05Z,analylit-worker-extraction-4,0.03%,22.05MiB / 13.65GiB,N/A,N/A
2025-10-10T13:16:05Z,analylit-worker-synthesis-2,0.05%,22.04MiB / 13.65GiB,N/A,N/A
2025-10-10T13:16:05Z,analylit-worker-analysis-4,0.03%,22.06MiB / 13.65GiB,N/A,N/A
2025-10-10T13:16:05Z,analylit-worker-extraction-3,0.05%,22.04MiB / 13.65GiB,N/A,N/A
2025-10-10T13:16:05Z,analylit-worker-extraction-6,0.03%,22.05MiB / 13.65GiB,N/A,N/A
2025-10-10T13:16:05Z,analylit_ollama,0.00%,26.3MiB / 13.65GiB,N/A,N/A
2025-10-10T13:16:05Z,analylit-worker-analysis-1,0.04%,22.05MiB / 13.65GiB,N/A,N/A
2025-10-10T13:16:05Z,analylit_redis,0.34%,5.328MiB / 13.65GiB,N/A,N/A
2025-10-10T13:16:05Z,analylit-worker-screening-2,0.04%,22.04MiB / 13.65GiB,N/A,N/A
2025-10-10T13:16:05Z,analylit-worker-analysis-2,0.03%,22.05MiB / 13.65GiB,N/A,N/A
2025-10-10T13:16:05Z,analylit-worker-extraction-5,0.04%,22.06MiB / 13.65GiB,N/A,N/A
2025-10-10T13:16:05Z,analylit-worker-extraction-2,0.04%,22.05MiB / 13.65GiB,N/A,N/A
2025-10-10T13:16:12Z,analylit_web,0.12%,5.284GiB / 13.65GiB,N/A,N/A
2025-10-10T13:16:12Z,analylit-rq-dashboard-1,0.35%,21.99MiB / 13.65GiB,N/A,N/A
2025-10-10T13:16:12Z,analylit-worker-analysis-6,0.03%,22.04MiB / 13.65GiB,N/A,N/A
2025-10-10T13:16:12Z,analylit-worker-synthesis-1,0.03%,22.03MiB / 13.65GiB,N/A,N/A
2025-10-10T13:16:12Z,analylit_db,0.00%,27.02MiB / 13.65GiB,N/A,N/A
2025-10-10T13:16:12Z,analylit_monitor,1.05%,14.91MiB / 13.65GiB,N/A,N/A
2025-10-10T13:16:12Z,analylit-worker-screening-1,0.04%,22.04MiB / 13.65GiB,N/A,N/A
2025-10-10T13:16:12Z,analylit-worker-extraction-1,0.05%,22.04MiB / 13.65GiB,N/A,N/A
2025-10-10T13:16:12Z,analylit-worker-import-1,0.03%,20.91MiB / 4GiB,N/A,N/A
2025-10-10T13:16:12Z,analylit-worker-analysis-5,0.05%,22.04MiB / 13.65GiB,N/A,N/A
2025-10-10T13:16:12Z,analylit-worker-analysis-3,0.05%,22.05MiB / 13.65GiB,N/A,N/A
2025-10-10T13:16:12Z,analylit-worker-extraction-4,0.03%,22.05MiB / 13.65GiB,N/A,N/A
2025-10-10T13:16:12Z,analylit-worker-synthesis-2,0.03%,22.04MiB / 13.65GiB,N/A,N/A
2025-10-10T13:16:12Z,analylit-worker-analysis-4,0.03%,22.06MiB / 13.65GiB,N/A,N/A
2025-10-10T13:16:12Z,analylit-worker-extraction-3,0.03%,22.04MiB / 13.65GiB,N/A,N/A
2025-10-10T13:16:12Z,analylit-worker-extraction-6,0.04%,22.05MiB / 13.65GiB,N/A,N/A
2025-10-10T13:16:12Z,analylit_ollama,0.00%,26.3MiB / 13.65GiB,N/A,N/A
2025-10-10T13:16:12Z,analylit-worker-analysis-1,0.03%,22.05MiB / 13.65GiB,N/A,N/A
2025-10-10T13:16:12Z,analylit_redis,0.43%,5.328MiB / 13.65GiB,N/A,N/A
2025-10-10T13:16:12Z,analylit-worker-screening-2,0.03%,22.04MiB / 13.65GiB,N/A,N/A
2025-10-10T13:16:12Z,analylit-worker-analysis-2,0.03%,22.05MiB / 13.65GiB,N/A,N/A
2025-10-10T13:16:12Z,analylit-worker-extraction-5,0.04%,22.06MiB / 13.65GiB,N/A,N/A
2025-10-10T13:16:12Z,analylit-worker-extraction-2,0.03%,22.05MiB / 13.65GiB,N/A,N/A
2025-10-10T13:16:19Z,analylit_web,0.18%,5.284GiB / 13.65GiB,N/A,N/A
2025-10-10T13:16:19Z,analylit-rq-dashboard-1,0.01%,22MiB / 13.65GiB,N/A,N/A
2025-10-10T13:16:19Z,analylit-worker-analysis-6,0.03%,22.04MiB / 13.65GiB,N/A,N/A
2025-10-10T13:16:19Z,analylit-worker-synthesis-1,0.03%,22.03MiB / 13.65GiB,N/A,N/A
2025-10-10T13:16:19Z,analylit_db,0.01%,27.02MiB / 13.65GiB,N/A,N/A
2025-10-10T13:16:19Z,analylit_monitor,0.56%,14.87MiB / 13.65GiB,N/A,N/A
2025-10-10T13:16:19Z,analylit-worker-screening-1,0.03%,22.04MiB / 13.65GiB,N/A,N/A
2025-10-10T13:16:19Z,analylit-worker-extraction-1,0.04%,22.04MiB / 13.65GiB,N/A,N/A
2025-10-10T13:16:19Z,analylit-worker-import-1,0.04%,20.91MiB / 4GiB,N/A,N/A
2025-10-10T13:16:19Z,analylit-worker-analysis-5,0.03%,22.04MiB / 13.65GiB,N/A,N/A
2025-10-10T13:16:19Z,analylit-worker-analysis-3,0.04%,22.05MiB / 13.65GiB,N/A,N/A
2025-10-10T13:16:19Z,analylit-worker-extraction-4,0.03%,22.05MiB / 13.65GiB,N/A,N/A
2025-10-10T13:16:19Z,analylit-worker-synthesis-2,0.04%,22.04MiB / 13.65GiB,N/A,N/A
2025-10-10T13:16:19Z,analylit-worker-analysis-4,0.03%,22.06MiB / 13.65GiB,N/A,N/A
2025-10-10T13:16:19Z,analylit-worker-extraction-3,0.03%,22.04MiB / 13.65GiB,N/A,N/A
2025-10-10T13:16:19Z,analylit-worker-extraction-6,0.03%,22.05MiB / 13.65GiB,N/A,N/A
2025-10-10T13:16:19Z,analylit_ollama,0.00%,26.3MiB / 13.65GiB,N/A,N/A
2025-10-10T13:16:19Z,analylit-worker-analysis-1,0.03%,22.05MiB / 13.65GiB,N/A,N/A
2025-10-10T13:16:19Z,analylit_redis,2.25%,5.332MiB / 13.65GiB,N/A,N/A
2025-10-10T13:16:19Z,analylit-worker-screening-2,0.03%,22.04MiB / 13.65GiB,N/A,N/A
2025-10-10T13:16:19Z,analylit-worker-analysis-2,0.03%,22.05MiB / 13.65GiB,N/A,N/A
2025-10-10T13:16:19Z,analylit-worker-extraction-5,0.03%,22.06MiB / 13.65GiB,N/A,N/A
2025-10-10T13:16:19Z,analylit-worker-extraction-2,0.03%,22.05MiB / 13.65GiB,N/A,N/A
2025-10-10T13:16:26Z,analylit_web,0.12%,5.284GiB / 13.65GiB,N/A,N/A
2025-10-10T13:16:26Z,analylit-rq-dashboard-1,0.01%,22.01MiB / 13.65GiB,N/A,N/A
2025-10-10T13:16:26Z,analylit-worker-analysis-6,0.03%,22.04MiB / 13.65GiB,N/A,N/A
2025-10-10T13:16:26Z,analylit-worker-synthesis-1,0.03%,22.03MiB / 13.65GiB,N/A,N/A
2025-10-10T13:16:26Z,analylit_db,2.69%,27.01MiB / 13.65GiB,N/A,N/A
2025-10-10T13:16:26Z,analylit_monitor,1.07%,14.93MiB / 13.65GiB,N/A,N/A
2025-10-10T13:16:26Z,analylit-worker-screening-1,0.03%,22.04MiB / 13.65GiB,N/A,N/A
2025-10-10T13:16:26Z,analylit-worker-extraction-1,0.04%,22.04MiB / 13.65GiB,N/A,N/A
2025-10-10T13:16:26Z,analylit-worker-import-1,0.03%,20.91MiB / 4GiB,N/A,N/A
2025-10-10T13:16:26Z,analylit-worker-analysis-5,0.04%,22.04MiB / 13.65GiB,N/A,N/A
2025-10-10T13:16:26Z,analylit-worker-analysis-3,0.04%,22.05MiB / 13.65GiB,N/A,N/A
2025-10-10T13:16:26Z,analylit-worker-extraction-4,0.03%,22.05MiB / 13.65GiB,N/A,N/A
2025-10-10T13:16:26Z,analylit-worker-synthesis-2,0.03%,22.04MiB / 13.65GiB,N/A,N/A
2025-10-10T13:16:26Z,analylit-worker-analysis-4,0.03%,22.06MiB / 13.65GiB,N/A,N/A
2025-10-10T13:16:26Z,analylit-worker-extraction-3,0.03%,22.04MiB / 13.65GiB,N/A,N/A
2025-10-10T13:16:26Z,analylit-worker-extraction-6,0.04%,22.05MiB / 13.65GiB,N/A,N/A
2025-10-10T13:16:26Z,analylit_ollama,0.00%,26.3MiB / 13.65GiB,N/A,N/A
2025-10-10T13:16:26Z,analylit-worker-analysis-1,0.03%,22.05MiB / 13.65GiB,N/A,N/A
2025-10-10T13:16:26Z,analylit_redis,0.36%,5.328MiB / 13.65GiB,N/A,N/A
2025-10-10T13:16:26Z,analylit-worker-screening-2,0.03%,22.04MiB / 13.65GiB,N/A,N/A
2025-10-10T13:16:26Z,analylit-worker-analysis-2,0.03%,22.05MiB / 13.65GiB,N/A,N/A
2025-10-10T13:16:26Z,analylit-worker-extraction-5,0.04%,22.06MiB / 13.65GiB,N/A,N/A
2025-10-10T13:16:26Z,analylit-worker-extraction-2,0.03%,22.05MiB / 13.65GiB,N/A,N/A
2025-10-10T13:16:34Z,analylit_web,0.56%,5.284GiB / 13.65GiB,N/A,N/A
2025-10-10T13:16:34Z,analylit-rq-dashboard-1,0.02%,22.01MiB / 13.65GiB,N/A,N/A
2025-10-10T13:16:34Z,analylit-worker-analysis-6,0.04%,22.04MiB / 13.65GiB,N/A,N/A
2025-10-10T13:16:34Z,analylit-worker-synthesis-1,0.04%,22.03MiB / 13.65GiB,N/A,N/A
2025-10-10T13:16:34Z,analylit_db,0.06%,27.01MiB / 13.65GiB,N/A,N/A
2025-10-10T13:16:34Z,analylit_monitor,0.86%,14.39MiB / 13.65GiB,N/A,N/A
2025-10-10T13:16:34Z,analylit-worker-screening-1,0.04%,22.04MiB / 13.65GiB,N/A,N/A
2025-10-10T13:16:34Z,analylit-worker-extraction-1,0.04%,22.04MiB / 13.65GiB,N/A,N/A
2025-10-10T13:16:34Z,analylit-worker-import-1,0.04%,20.91MiB / 4GiB,N/A,N/A
2025-10-10T13:16:34Z,analylit-worker-analysis-5,0.03%,22.04MiB / 13.65GiB,N/A,N/A
2025-10-10T13:16:34Z,analylit-worker-analysis-3,0.04%,22.05MiB / 13.65GiB,N/A,N/A
2025-10-10T13:16:34Z,analylit-worker-extraction-4,0.03%,22.05MiB / 13.65GiB,N/A,N/A
2025-10-10T13:16:34Z,analylit-worker-synthesis-2,0.05%,22.04MiB / 13.65GiB,N/A,N/A
2025-10-10T13:16:34Z,analylit-worker-analysis-4,0.03%,22.06MiB / 13.65GiB,N/A,N/A
2025-10-10T13:16:34Z,analylit-worker-extraction-3,0.03%,22.04MiB / 13.65GiB,N/A,N/A
2025-10-10T13:16:34Z,analylit-worker-extraction-6,0.04%,22.05MiB / 13.65GiB,N/A,N/A
2025-10-10T13:16:34Z,analylit_ollama,0.00%,26.3MiB / 13.65GiB,N/A,N/A
2025-10-10T13:16:34Z,analylit-worker-analysis-1,0.04%,22.05MiB / 13.65GiB,N/A,N/A
2025-10-10T13:16:34Z,analylit_redis,2.29%,5.324MiB / 13.65GiB,N/A,N/A
2025-10-10T13:16:34Z,analylit-worker-screening-2,0.04%,22.04MiB / 13.65GiB,N/A,N/A
2025-10-10T13:16:34Z,analylit-worker-analysis-2,0.03%,22.05MiB / 13.65GiB,N/A,N/A
2025-10-10T13:16:34Z,analylit-worker-extraction-5,0.04%,22.06MiB / 13.65GiB,N/A,N/A
2025-10-10T13:16:34Z,analylit-worker-extraction-2,0.04%,22.05MiB / 13.65GiB,N/A,N/A
2025-10-10T13:16:41Z,analylit_web,0.31%,5.284GiB / 13.65GiB,N/A,N/A
2025-10-10T13:16:41Z,analylit-rq-dashboard-1,0.02%,22MiB / 13.65GiB,N/A,N/A
2025-10-10T13:16:41Z,analylit-worker-analysis-6,0.03%,22.04MiB / 13.65GiB,N/A,N/A
2025-10-10T13:16:41Z,analylit-worker-synthesis-1,0.03%,22.03MiB / 13.65GiB,N/A,N/A
2025-10-10T13:16:41Z,analylit_db,0.00%,27.02MiB / 13.65GiB,N/A,N/A
2025-10-10T13:16:41Z,analylit_monitor,0.00%,14.1MiB / 13.65GiB,N/A,N/A
2025-10-10T13:16:41Z,analylit-worker-screening-1,0.03%,22.04MiB / 13.65GiB,N/A,N/A
2025-10-10T13:16:41Z,analylit-worker-extraction-1,0.03%,22.04MiB / 13.65GiB,N/A,N/A
2025-10-10T13:16:41Z,analylit-worker-import-1,0.03%,20.91MiB / 4GiB,N/A,N/A
2025-10-10T13:16:41Z,analylit-worker-analysis-5,0.04%,22.04MiB / 13.65GiB,N/A,N/A
2025-10-10T13:16:41Z,analylit-worker-analysis-3,0.04%,22.05MiB / 13.65GiB,N/A,N/A
2025-10-10T13:16:41Z,analylit-worker-extraction-4,0.03%,22.05MiB / 13.65GiB,N/A,N/A
2025-10-10T13:16:41Z,analylit-worker-synthesis-2,0.03%,22.04MiB / 13.65GiB,N/A,N/A
2025-10-10T13:16:41Z,analylit-worker-analysis-4,0.03%,22.06MiB / 13.65GiB,N/A,N/A
2025-10-10T13:16:41Z,analylit-worker-extraction-3,0.03%,22.04MiB / 13.65GiB,N/A,N/A
2025-10-10T13:16:41Z,analylit-worker-extraction-6,0.04%,22.05MiB / 13.65GiB,N/A,N/A
2025-10-10T13:16:41Z,analylit_ollama,0.00%,26.34MiB / 13.65GiB,N/A,N/A
2025-10-10T13:16:41Z,analylit-worker-analysis-1,0.03%,22.05MiB / 13.65GiB,N/A,N/A
2025-10-10T13:16:41Z,analylit_redis,0.32%,5.324MiB / 13.65GiB,N/A,N/A
2025-10-10T13:16:41Z,analylit-worker-screening-2,0.03%,22.04MiB / 13.65GiB,N/A,N/A
2025-10-10T13:16:41Z,analylit-worker-analysis-2,0.03%,22.05MiB / 13.65GiB,N/A,N/A
2025-10-10T13:16:41Z,analylit-worker-extraction-5,0.04%,22.06MiB / 13.65GiB,N/A,N/A
2025-10-10T13:16:41Z,analylit-worker-extraction-2,0.03%,22.05MiB / 13.65GiB,N/A,N/A
2025-10-10T13:16:48Z,analylit_web,0.14%,5.284GiB / 13.65GiB,N/A,N/A
2025-10-10T13:16:48Z,analylit-rq-dashboard-1,0.34%,22MiB / 13.65GiB,N/A,N/A
2025-10-10T13:16:48Z,analylit-worker-analysis-6,0.04%,22.04MiB / 13.65GiB,N/A,N/A
2025-10-10T13:16:48Z,analylit-worker-synthesis-1,0.03%,22.03MiB / 13.65GiB,N/A,N/A
2025-10-10T13:16:48Z,analylit_db,0.00%,27.01MiB / 13.65GiB,N/A,N/A
2025-10-10T13:16:48Z,analylit_monitor,0.81%,14.52MiB / 13.65GiB,N/A,N/A
2025-10-10T13:16:48Z,analylit-worker-screening-1,0.04%,22.04MiB / 13.65GiB,N/A,N/A
2025-10-10T13:16:48Z,analylit-worker-extraction-1,0.04%,22.04MiB / 13.65GiB,N/A,N/A
2025-10-10T13:16:48Z,analylit-worker-import-1,0.03%,20.91MiB / 4GiB,N/A,N/A
2025-10-10T13:16:48Z,analylit-worker-analysis-5,0.03%,22.04MiB / 13.65GiB,N/A,N/A
2025-10-10T13:16:48Z,analylit-worker-analysis-3,0.04%,22.05MiB / 13.65GiB,N/A,N/A
2025-10-10T13:16:48Z,analylit-worker-extraction-4,0.03%,22.05MiB / 13.65GiB,N/A,N/A
2025-10-10T13:16:48Z,analylit-worker-synthesis-2,0.04%,22.04MiB / 13.65GiB,N/A,N/A
2025-10-10T13:16:48Z,analylit-worker-analysis-4,0.04%,22.06MiB / 13.65GiB,N/A,N/A
2025-10-10T13:16:48Z,analylit-worker-extraction-3,0.03%,22.04MiB / 13.65GiB,N/A,N/A
2025-10-10T13:16:48Z,analylit-worker-extraction-6,0.03%,22.05MiB / 13.65GiB,N/A,N/A
2025-10-10T13:16:48Z,analylit_ollama,0.00%,26.34MiB / 13.65GiB,N/A,N/A
2025-10-10T13:16:48Z,analylit-worker-analysis-1,0.03%,22.05MiB / 13.65GiB,N/A,N/A
2025-10-10T13:16:48Z,analylit_redis,0.43%,5.324MiB / 13.65GiB,N/A,N/A
2025-10-10T13:16:48Z,analylit-worker-screening-2,0.03%,22.04MiB / 13.65GiB,N/A,N/A
2025-10-10T13:16:48Z,analylit-worker-analysis-2,0.04%,22.05MiB / 13.65GiB,N/A,N/A
2025-10-10T13:16:48Z,analylit-worker-extraction-5,0.03%,22.06MiB / 13.65GiB,N/A,N/A
2025-10-10T13:16:48Z,analylit-worker-extraction-2,0.03%,22.05MiB / 13.65GiB,N/A,N/A
